Running HiGHS 1.15.1 (git hash: n/a): Copyright (c) 2026 under MIT licence terms
Includes third-party software components, see THIRD_PARTY_NOTICES.md for full details
Command line parsed using CLI11 2.5.0: Copyright (c) 2017-2025 University of Cincinnati
LP boeing1 has 351 rows; 384 cols; 3485 nonzeros
Coefficient ranges:
  Matrix  [1e-02, 3e+03]
  Cost    [1e-02, 4e+01]
  Bound   [1e+00, 1e+02]
  RHS     [1e+00, 3e+03]
Presolving model
310 rows, 379 cols, 2801 nonzeros 0s
Dependent equations search running on 6 equations with time limit of 1000.00s
Dependent equations search removed 0 rows and 0 nonzeros in 0.00s (limit = 1000.00s)
289 rows, 371 cols, 2714 nonzeros 0s
Presolve reductions: rows 289(-62); columns 371(-13); nonzeros 2714(-771) 
Solving the presolved LP
Using dual simplex solver
Running HiGHS 1.15.1 (git hash: n/a): Copyright (c) 2026 under MIT licence terms
Includes third-party software components, see THIRD_PARTY_NOTICES.md for full details
Command line parsed using CLI11 2.5.0: Copyright (c) 2017-2025 University of Cincinnati
LP afiro has 27 rows; 32 cols; 83 nonzeros
Coefficient ranges:
  Matrix  [1e-01, 2e+00]
  Cost    [3e-01, 1e+01]
  Bound   [0e+00, 0e+00]
  RHS     [4e+01, 5e+02]
Presolving model
22 rows, 29 cols, 74 nonzeros 0s
15 rows, 22 cols, 60 nonzeros 0s
9 rows, 12 cols, 32 nonzeros 0s
7 rows, 10 cols, 28 nonzeros 0s
7 rows, 10 cols, 28 nonzeros 0s
Presolve reductions: rows 7(-20); columns 10(-22); nonzeros 28(-55) 
Solving the presolved LP
Using dual simplex solver
  Iteration        Objective     Infeasibilities num(sum)
          0    -1.9599945292e+00 Ph1: 4(4.97637); Du: 2(1.95999) 0.0s
          6    -4.6475314286e+02 Pr: 0(0) 0.0s

Performed postsolve
Solving the original LP from the solution after postsolve

Model name          : afiro
Model status        : Optimal
Simplex   iterations: 6
Objective value     : -4.6475314286e+02
P-D objective error :  0.0000000000e+00
HiGHS run time      :          0.00
Running HiGHS 1.15.1 (git hash: n/a): Copyright (c) 2026 under MIT licence terms
Includes third-party software components, see THIRD_PARTY_NOTICES.md for full details
Command line parsed using CLI11 2.5.0: Copyright (c) 2017-2025 University of Cincinnati
LP boeing1 has 351 rows; 384 cols; 3485 nonzeros
Coefficient ranges:
  Matrix  [1e-02, 3e+03]
  Cost    [1e-02, 4e+01]
  Bound   [1e+00, 1e+02]
  RHS     [1e+00, 3e+03]
Presolving model
310 rows, 379 cols, 2801 nonzeros 0s
Dependent equations search running on 6 equations with time limit of 1000.00s
Dependent equations search removed 0 rows and 0 nonzeros in 0.00s (limit = 1000.00s)
289 rows, 371 cols, 2714 nonzeros 0s
Presolve reductions: rows 289(-62); columns 371(-13); nonzeros 2714(-771) 
Solving the presolved LP
Using dual simplex solver
  Iteration        Objective     Infeasibilities num(sum)
          0    -7.6222596145e+01 Ph1: 241(1232.79); Du: 154(76.2226) 0.0s
        384    -3.3521356751e+02 Pr: 0(0); Du: 0(5.55112e-17) 0.0s

Performed postsolve
Solving the original LP from the solution after postsolve

Model name          : boeing1
Model status        : Optimal
Simplex   iterations: 384
Objective value     : -3.3521356751e+02
P-D objective error :  2.5398177656e-16
HiGHS run time      :          0.01
Running HiGHS 1.15.1 (git hash: n/a): Copyright (c) 2026 under MIT licence terms
Includes third-party software components, see THIRD_PARTY_NOTICES.md for full details
Command line parsed using CLI11 2.5.0: Copyright (c) 2017-2025 University of Cincinnati
LP boeing2 has 166 rows; 143 cols; 1196 nonzeros
Coefficient ranges:
  Matrix  [1e-02, 3e+03]
  Cost    [1e-02, 7e+00]
  Bound   [2e+00, 1e+02]
  RHS     [1e+00, 1e+05]
Presolving model
125 rows, 143 cols, 801 nonzeros 0s
Dependent equations search running on 4 equations with time limit of 1000.00s
Dependent equations search removed 0 rows and 0 nonzeros in 0.00s (limit = 1000.00s)
122 rows, 143 cols, 794 nonzeros 0s
Presolve reductions: rows 122(-44); columns 143(-0); nonzeros 794(-402) 
Solving the presolved LP
Using dual simplex solver
  Iteration        Objective     Infeasibilities num(sum)
          0    -1.9283898720e+02 Ph1: 88(284.333); Du: 87(192.839) 0.0s
        142    -3.1501872802e+02 Pr: 0(0); Du: 0(8.54872e-14) 0.0s

Performed postsolve
Solving the original LP from the solution after postsolve

Model name          : boeing2
Model status        : Optimal
Simplex   iterations: 142
Objective value     : -3.1501872802e+02
P-D objective error :  1.8015862075e-16
HiGHS run time      :          0.00
Running HiGHS 1.15.1 (git hash: n/a): Copyright (c) 2026 under MIT licence terms
Includes third-party software components, see THIRD_PARTY_NOTICES.md for full details
Command line parsed using CLI11 2.5.0: Copyright (c) 2017-2025 University of Cincinnati
WARNING: Free format reader has detected row/col names with spaces: switching to fixed format parser
LP forplan has 161 rows; 421 cols; 4563 nonzeros
Coefficient ranges:
  Matrix  [7e-03, 3e+03]
  Cost    [1e-04, 1e+00]
  Bound   [3e+03, 1e+07]
  RHS     [1e+01, 7e+06]
WARNING: Problem has some excessively large column bounds
WARNING: Problem has some excessively large row bounds
WARNING:    Consider scaling the    bounds by 1e-1, or setting the user_bound_scale option to -4
Presolving model
120 rows, 401 cols, 4368 nonzeros 0s
Dependent equations search running on 55 equations with time limit of 1000.00s
Dependent equations search removed 0 rows and 0 nonzeros in 0.00s (limit = 1000.00s)
99 rows, 362 cols, 3788 nonzeros 0s
Presolve reductions: rows 99(-62); columns 362(-59); nonzeros 3788(-775) 
Solving the presolved LP
Using dual simplex solver
  Iteration        Objective     Infeasibilities num(sum)
          0    -2.6057596431e+01 Ph1: 25(107.001); Du: 7(26.0576) 0.0s
        185    -6.6421896127e+02 Pr: 0(0) 0.0s

Performed postsolve
Solving the original LP from the solution after postsolve

Model name          : forplan
Model status        : Optimal
Simplex   iterations: 185
Objective value     : -6.6421896127e+02
P-D objective error :  0.0000000000e+00
HiGHS run time      :          0.01
Running HiGHS 1.15.1 (git hash: n/a): Copyright (c) 2026 under MIT licence terms
Includes third-party software components, see THIRD_PARTY_NOTICES.md for full details
Command line parsed using CLI11 2.5.0: Copyright (c) 2017-2025 University of Cincinnati
WARNING: Free format reader has detected row/col names with spaces: switching to fixed format parser
LP forplan has 161 rows; 421 cols; 4563 nonzeros
Coefficient ranges:
  Matrix  [7e-03, 3e+03]
  Cost    [1e-04, 1e+00]
  Bound   [3e+03, 1e+07]
  RHS     [1e+01, 7e+06]
WARNING: Problem has some excessively large column bounds
WARNING: Problem has some excessively large row bounds
WARNING:    Consider scaling the    bounds by 1e-1, or setting the user_bound_scale option to -4
Presolving model
120 rows, 401 cols, 4368 nonzeros 0s
Dependent equations search running on 55 equations with time limit of 1000.00s
Dependent equations search removed 0 rows and 0 nonzeros in 0.00s (limit = 1000.00s)
99 rows, 362 cols, 3788 nonzeros 0s
Presolve reductions: rows 99(-62); columns 362(-59); nonzeros 3788(-775) 
Solving the presolved LP
Using dual simplex solver
  Iteration        Objective     Infeasibilities num(sum)
          0    -2.6057596431e+01 Ph1: 25(107.001); Du: 7(26.0576) 0.0s
        185    -6.6421896127e+02 Pr: 0(0) 0.0s

Performed postsolve
Solving the original LP from the solution after postsolve

Model name          : forplan
Model status        : Optimal
Simplex   iterations: 185
Objective value     : -6.6421896127e+02
P-D objective error :  0.0000000000e+00
HiGHS run time      :          0.01
Running HiGHS 1.15.1 (git hash: n/a): Copyright (c) 2026 under MIT licence terms
Includes third-party software components, see THIRD_PARTY_NOTICES.md for full details
Command line parsed using CLI11 2.5.0: Copyright (c) 2017-2025 University of Cincinnati
LP 25fv47 has 821 rows; 1571 cols; 10400 nonzeros
Coefficient ranges:
  Matrix  [2e-04, 2e+02]
  Cost    [1e-03, 1e+02]
  Bound   [0e+00, 0e+00]
  RHS     [2e-01, 2e+03]
Presolving model
723 rows, 1490 cols, 10097 nonzeros 0s
Dependent equations search running on 389 equations with time limit of 1000.00s
Dependent equations search removed 0 rows and 0 nonzeros in 0.00s (limit = 1000.00s)
673 rows, 1439 cols, 9926 nonzeros 0s
Presolve reductions: rows 673(-148); columns 1439(-132); nonzeros 9926(-474) 
Solving the presolved LP
Using dual simplex solver
  Iteration        Objective     Infeasibilities num(sum)
          0    -1.1311156094e+02 Ph1: 95(426.55); Du: 36(113.112) 0.0s
       2583     5.5018458883e+03 Pr: 0(0); Du: 0(3.86029e-14) 0.2s
       2583     5.5018458883e+03 Pr: 0(0); Du: 0(3.86029e-14) 0.2s

Performed postsolve
Solving the original LP from the solution after postsolve

Model name          : 25fv47
Model status        : Optimal
Simplex   iterations: 2583
Objective value     :  5.5018458883e+03
P-D objective error :  3.3058434356e-16
HiGHS run time      :          0.15
Running HiGHS 1.15.1 (git hash: n/a): Copyright (c) 2026 under MIT licence terms
Includes third-party software components, see THIRD_PARTY_NOTICES.md for full details
Command line parsed using CLI11 2.5.0: Copyright (c) 2017-2025 University of Cincinnati
LP 80bau3b has 2262 rows; 9799 cols; 21002 nonzeros
Coefficient ranges:
  Matrix  [2e-04, 1e+02]
  Cost    [1e-03, 3e+03]
  Bound   [7e-05, 1e+06]
  RHS     [1e-03, 5e+03]
WARNING: Problem has some excessively small column bounds
Presolving model
1978 rows, 8998 cols, 19560 nonzeros 0s
1640 rows, 8427 cols, 18635 nonzeros 0s
Presolve reductions: rows 1640(-622); columns 8427(-1372); nonzeros 18635(-2367) 
Solving the presolved LP
Using dual simplex solver
  Iteration        Objective     Infeasibilities num(sum)
          0    -6.3482714706e+02 Ph1: 218(817.254); Du: 307(634.827) 0.0s
       3103     9.8722419241e+05 Pr: 0(0); Du: 0(1.56208e-13) 0.1s

Performed postsolve
Solving the original LP from the solution after postsolve

Model name          : 80bau3b
Model status        : Optimal
Simplex   iterations: 3103
Objective value     :  9.8722419241e+05
P-D objective error :  2.3584361842e-16
HiGHS run time      :          0.12
Running HiGHS 1.15.1 (git hash: n/a): Copyright (c) 2026 under MIT licence terms
Includes third-party software components, see THIRD_PARTY_NOTICES.md for full details
Command line parsed using CLI11 2.5.0: Copyright (c) 2017-2025 University of Cincinnati
LP adlittle has 56 rows; 97 cols; 383 nonzeros
Coefficient ranges:
  Matrix  [1e-03, 6e+01]
  Cost    [2e+00, 3e+03]
  Bound   [0e+00, 0e+00]
  RHS     [2e+00, 2e+03]
Presolving model
53 rows, 95 cols, 373 nonzeros 0s
Dependent equations search running on 14 equations with time limit of 1000.00s
Dependent equations search removed 0 rows and 0 nonzeros in 0.00s (limit = 1000.00s)
53 rows, 95 cols, 373 nonzeros 0s
Presolve reductions: rows 53(-3); columns 95(-2); nonzeros 373(-10) 
Solving the presolved LP
Using dual simplex solver
  Iteration        Objective     Infeasibilities num(sum)
          0    -1.1853884414e+05 Ph1: 24(125.675); Du: 22(118539) 0.0s
         87     2.2549496316e+05 Pr: 0(0); Du: 0(1.32104e-10) 0.0s

Performed postsolve
Solving the original LP from the solution after postsolve

Model name          : adlittle
Model status        : Optimal
Simplex   iterations: 87
Objective value     :  2.2549496316e+05
P-D objective error :  1.2906614638e-16
HiGHS run time      :          0.00
Running HiGHS 1.15.1 (git hash: n/a): Copyright (c) 2026 under MIT licence terms
Includes third-party software components, see THIRD_PARTY_NOTICES.md for full details
Command line parsed using CLI11 2.5.0: Copyright (c) 2017-2025 University of Cincinnati
LP afiro has 27 rows; 32 cols; 83 nonzeros
Coefficient ranges:
  Matrix  [1e-01, 2e+00]
  Cost    [3e-01, 1e+01]
  Bound   [0e+00, 0e+00]
  RHS     [4e+01, 5e+02]
Presolving model
22 rows, 29 cols, 74 nonzeros 0s
15 rows, 22 cols, 60 nonzeros 0s
9 rows, 12 cols, 32 nonzeros 0s
7 rows, 10 cols, 28 nonzeros 0s
7 rows, 10 cols, 28 nonzeros 0s
Presolve reductions: rows 7(-20); columns 10(-22); nonzeros 28(-55) 
Solving the presolved LP
Using dual simplex solver
  Iteration        Objective     Infeasibilities num(sum)
          0    -1.9599945292e+00 Ph1: 4(4.97637); Du: 2(1.95999) 0.0s
          6    -4.6475314286e+02 Pr: 0(0) 0.0s

Performed postsolve
Solving the original LP from the solution after postsolve

Model name          : afiro
Model status        : Optimal
Simplex   iterations: 6
Objective value     : -4.6475314286e+02
P-D objective error :  0.0000000000e+00
HiGHS run time      :          0.00
Running HiGHS 1.15.1 (git hash: n/a): Copyright (c) 2026 under MIT licence terms
Includes third-party software components, see THIRD_PARTY_NOTICES.md for full details
Command line parsed using CLI11 2.5.0: Copyright (c) 2017-2025 University of Cincinnati
LP agg has 488 rows; 163 cols; 2410 nonzeros
Coefficient ranges:
  Matrix  [2e-05, 4e+02]
  Cost    [3e+00, 1e+02]
  Bound   [0e+00, 0e+00]
  RHS     [1e+02, 6e+06]
WARNING: Problem has some excessively large row bounds
WARNING:    Consider scaling the    bounds by 1e-1, or setting the user_bound_scale option to -3
Presolving model
272 rows, 109 cols, 1371 nonzeros 0s
163 rows, 106 cols, 873 nonzeros 0s
Dependent equations search running on 21 equations with time limit of 1000.00s
Dependent equations search removed 0 rows and 0 nonzeros in 0.00s (limit = 1000.00s)
147 rows, 106 cols, 803 nonzeros 0s
Presolve reductions: rows 147(-341); columns 106(-57); nonzeros 803(-1607) 
Solving the presolved LP
Using dual simplex solver
  Iteration        Objective     Infeasibilities num(sum)
          0    -6.3921470313e+04 Ph1: 82(376.028); Du: 42(63921.5) 0.0s
        102    -3.5991767287e+07 Pr: 0(0); Du: 0(9.09495e-13) 0.0s

Performed postsolve
Solving the original LP from the solution after postsolve

Model name          : agg
Model status        : Optimal
Simplex   iterations: 102
Objective value     : -3.5991767287e+07
P-D objective error :  2.0700790917e-16
HiGHS run time      :          0.00
Running HiGHS 1.15.1 (git hash: n/a): Copyright (c) 2026 under MIT licence terms
Includes third-party software components, see THIRD_PARTY_NOTICES.md for full details
Command line parsed using CLI11 2.5.0: Copyright (c) 2017-2025 University of Cincinnati
LP agg2 has 516 rows; 302 cols; 4284 nonzeros
Coefficient ranges:
  Matrix  [2e-05, 4e+02]
  Cost    [3e+00, 1e+02]
  Bound   [0e+00, 0e+00]
  RHS     [8e+01, 1e+06]
WARNING: Problem has some excessively large row bounds
WARNING:    Consider scaling the    bounds by 1e-1, or setting the user_bound_scale option to -1
Presolving model
411 rows, 293 cols, 3703 nonzeros 0s
291 rows, 292 cols, 2529 nonzeros 0s
Dependent equations search running on 56 equations with time limit of 1000.00s
Dependent equations search removed 0 rows and 0 nonzeros in 0.00s (limit = 1000.00s)
280 rows, 250 cols, 2267 nonzeros 0s
Presolve reductions: rows 280(-236); columns 250(-52); nonzeros 2267(-2017) 
Solving the presolved LP
Using dual simplex solver
  Iteration        Objective     Infeasibilities num(sum)
          0    -1.0260438266e+05 Ph1: 162(862.296); Du: 117(102604) 0.0s
        168    -2.0239252356e+07 Pr: 0(0); Du: 0(2.55795e-13) 0.0s

Performed postsolve
Solving the original LP from the solution after postsolve

Model name          : agg2
Model status        : Optimal
Simplex   iterations: 168
Objective value     : -2.0239252356e+07
P-D objective error :  7.3625055727e-16
HiGHS run time      :          0.01
Running HiGHS 1.15.1 (git hash: n/a): Copyright (c) 2026 under MIT licence terms
Includes third-party software components, see THIRD_PARTY_NOTICES.md for full details
Command line parsed using CLI11 2.5.0: Copyright (c) 2017-2025 University of Cincinnati
LP agg3 has 516 rows; 302 cols; 4300 nonzeros
Coefficient ranges:
  Matrix  [2e-05, 4e+02]
  Cost    [3e+00, 1e+02]
  Bound   [0e+00, 0e+00]
  RHS     [1e+02, 1e+06]
WARNING: Problem has some excessively large row bounds
WARNING:    Consider scaling the    bounds by 1e-1, or setting the user_bound_scale option to -1
Presolving model
411 rows, 293 cols, 3719 nonzeros 0s
295 rows, 291 cols, 2565 nonzeros 0s
Dependent equations search running on 55 equations with time limit of 1000.00s
Dependent equations search removed 0 rows and 0 nonzeros in 0.00s (limit = 1000.00s)
282 rows, 249 cols, 2298 nonzeros 0s
Presolve reductions: rows 282(-234); columns 249(-53); nonzeros 2298(-2002) 
Solving the presolved LP
Using dual simplex solver
  Iteration        Objective     Infeasibilities num(sum)
          0    -9.9895158740e+04 Ph1: 163(843.392); Du: 115(99895.2) 0.0s
        164     1.0312115935e+07 Pr: 0(0); Du: 0(2.84217e-14) 0.0s

Performed postsolve
Solving the original LP from the solution after postsolve

Model name          : agg3
Model status        : Optimal
Simplex   iterations: 164
Objective value     :  1.0312115935e+07
P-D objective error :  1.8062685395e-16
HiGHS run time      :          0.01
Running HiGHS 1.15.1 (git hash: n/a): Copyright (c) 2026 under MIT licence terms
Includes third-party software components, see THIRD_PARTY_NOTICES.md for full details
Command line parsed using CLI11 2.5.0: Copyright (c) 2017-2025 University of Cincinnati
LP bandm has 305 rows; 472 cols; 2494 nonzeros
Coefficient ranges:
  Matrix  [1e-03, 2e+02]
  Cost    [1e-04, 1e+01]
  Bound   [0e+00, 0e+00]
  RHS     [1e-01, 7e+01]
Presolving model
193 rows, 348 cols, 1698 nonzeros 0s
Dependent equations search running on 166 equations with time limit of 1000.00s
Dependent equations search removed 0 rows and 0 nonzeros in 0.00s (limit = 1000.00s)
166 rows, 321 cols, 1563 nonzeros 0s
Presolve reductions: rows 166(-139); columns 321(-151); nonzeros 1563(-931) 
Solving the presolved LP
Using dual simplex solver
  Iteration        Objective     Infeasibilities num(sum)
          0    -1.8845862057e+02 Ph1: 115(519.13); Du: 66(188.459) 0.0s
        382    -1.5862801845e+02 Pr: 0(0) 0.0s

Performed postsolve
Solving the original LP from the solution after postsolve

Model name          : bandm
Model status        : Optimal
Simplex   iterations: 382
Objective value     : -1.5862801845e+02
P-D objective error :  3.5721816569e-16
HiGHS run time      :          0.01
Running HiGHS 1.15.1 (git hash: n/a): Copyright (c) 2026 under MIT licence terms
Includes third-party software components, see THIRD_PARTY_NOTICES.md for full details
Command line parsed using CLI11 2.5.0: Copyright (c) 2017-2025 University of Cincinnati
LP beaconfd has 173 rows; 262 cols; 3375 nonzeros
Coefficient ranges:
  Matrix  [1e-03, 5e+02]
  Cost    [3e-02, 1e+02]
  Bound   [0e+00, 0e+00]
  RHS     [1e+00, 2e+03]
Presolving model
80 rows, 140 cols, 1269 nonzeros 0s
49 rows, 110 cols, 1116 nonzeros 0s
24 rows, 66 cols, 220 nonzeros 0s
10 rows, 31 cols, 67 nonzeros 0s
Dependent equations search running on 8 equations with time limit of 1000.00s
Dependent equations search removed 0 rows and 0 nonzeros in 0.00s (limit = 1000.00s)
10 rows, 27 cols, 64 nonzeros 0s
Presolve reductions: rows 10(-163); columns 27(-235); nonzeros 64(-3311) 
Solving the presolved LP
Using dual simplex solver
  Iteration        Objective     Infeasibilities num(sum)
          0     0.0000000000e+00 Ph1: 0(0) 0.0s
          8     3.3592485807e+04 Pr: 0(0) 0.0s

Performed postsolve
Solving the original LP from the solution after postsolve

Model name          : beaconfd
Model status        : Optimal
Simplex   iterations: 8
Objective value     :  3.3592485807e+04
P-D objective error :  2.1659157230e-16
HiGHS run time      :          0.00
Running HiGHS 1.15.1 (git hash: n/a): Copyright (c) 2026 under MIT licence terms
Includes third-party software components, see THIRD_PARTY_NOTICES.md for full details
Command line parsed using CLI11 2.5.0: Copyright (c) 2017-2025 University of Cincinnati
LP blend has 74 rows; 83 cols; 491 nonzeros
Coefficient ranges:
  Matrix  [3e-03, 7e+01]
  Cost    [4e-03, 5e+00]
  Bound   [0e+00, 0e+00]
  RHS     [3e+00, 3e+01]
Presolving model
61 rows, 72 cols, 420 nonzeros 0s
48 rows, 56 cols, 392 nonzeros 0s
Dependent equations search running on 18 equations with time limit of 1000.00s
Dependent equations search removed 0 rows and 0 nonzeros in 0.00s (limit = 1000.00s)
47 rows, 55 cols, 393 nonzeros 0s
Presolve reductions: rows 47(-27); columns 55(-28); nonzeros 393(-98) 
Solving the presolved LP
Using dual simplex solver
  Iteration        Objective     Infeasibilities num(sum)
          0    -7.3929829894e+01 Ph1: 41(287.11); Du: 32(73.9298) 0.0s
         80    -3.0812149846e+01 Pr: 0(0); Du: 0(1.77636e-15) 0.0s

Performed postsolve
Solving the original LP from the solution after postsolve

Model name          : blend
Model status        : Optimal
Simplex   iterations: 80
Objective value     : -3.0812149846e+01
P-D objective error :  0.0000000000e+00
HiGHS run time      :          0.00
Running HiGHS 1.15.1 (git hash: n/a): Copyright (c) 2026 under MIT licence terms
Includes third-party software components, see THIRD_PARTY_NOTICES.md for full details
Command line parsed using CLI11 2.5.0: Copyright (c) 2017-2025 University of Cincinnati
LP bnl1 has 643 rows; 1175 cols; 5121 nonzeros
Coefficient ranges:
  Matrix  [1e-03, 8e+01]
  Cost    [2e-04, 2e+01]
  Bound   [0e+00, 0e+00]
  RHS     [1e-02, 2e+03]
Presolving model
483 rows, 1051 cols, 4725 nonzeros 0s
Dependent equations search running on 109 equations with time limit of 1000.00s
Dependent equations search removed 0 rows and 0 nonzeros in 0.00s (limit = 1000.00s)
443 rows, 988 cols, 4641 nonzeros 0s
Presolve reductions: rows 443(-200); columns 988(-187); nonzeros 4641(-480) 
Solving the presolved LP
Using dual simplex solver
  Iteration        Objective     Infeasibilities num(sum)
          0    -3.9728955444e+01 Ph1: 97(476.55); Du: 60(39.729) 0.0s
        775     1.9776295615e+03 Pr: 0(0); Du: 0(2.13615e-12) 0.0s

Performed postsolve
Solving the original LP from the solution after postsolve

Model name          : bnl1
Model status        : Optimal
Simplex   iterations: 775
Objective value     :  1.9776295615e+03
P-D objective error :  6.8966263848e-16
HiGHS run time      :          0.03
Running HiGHS 1.15.1 (git hash: n/a): Copyright (c) 2026 under MIT licence terms
Includes third-party software components, see THIRD_PARTY_NOTICES.md for full details
Command line parsed using CLI11 2.5.0: Copyright (c) 2017-2025 University of Cincinnati
LP bnl2 has 2324 rows; 3489 cols; 13999 nonzeros
Coefficient ranges:
  Matrix  [6e-04, 8e+01]
  Cost    [1e-04, 6e+01]
  Bound   [0e+00, 0e+00]
  RHS     [1e-02, 6e+03]
Presolving model
1179 rows, 2398 cols, 10748 nonzeros 0s
Dependent equations search running on 268 equations with time limit of 1000.00s
Dependent equations search removed 0 rows and 0 nonzeros in 0.00s (limit = 1000.00s)
964 rows, 2119 cols, 10202 nonzeros 0s
Presolve reductions: rows 964(-1360); columns 2119(-1370); nonzeros 10202(-3797) 
Solving the presolved LP
Using dual simplex solver
  Iteration        Objective     Infeasibilities num(sum)
          0    -1.1135091804e+02 Ph1: 253(914.605); Du: 148(111.351) 0.0s
       1069     1.8112365404e+03 Pr: 0(0); Du: 0(5.96314e-13) 0.1s

Performed postsolve
Solving the original LP from the solution after postsolve

Model name          : bnl2
Model status        : Optimal
Simplex   iterations: 1069
Objective value     :  1.8112365404e+03
P-D objective error :  8.7850285770e-16
HiGHS run time      :          0.05
Running HiGHS 1.15.1 (git hash: n/a): Copyright (c) 2026 under MIT licence terms
Includes third-party software components, see THIRD_PARTY_NOTICES.md for full details
Command line parsed using CLI11 2.5.0: Copyright (c) 2017-2025 University of Cincinnati
LP boeing1 has 351 rows; 384 cols; 3485 nonzeros
Coefficient ranges:
  Matrix  [1e-02, 3e+03]
  Cost    [1e-02, 4e+01]
  Bound   [1e+00, 1e+02]
  RHS     [1e+00, 3e+03]
Presolving model
310 rows, 379 cols, 2801 nonzeros 0s
Dependent equations search running on 6 equations with time limit of 1000.00s
Dependent equations search removed 0 rows and 0 nonzeros in 0.00s (limit = 1000.00s)
289 rows, 371 cols, 2714 nonzeros 0s
Presolve reductions: rows 289(-62); columns 371(-13); nonzeros 2714(-771) 
Solving the presolved LP
Using dual simplex solver
  Iteration        Objective     Infeasibilities num(sum)
          0    -7.6222596145e+01 Ph1: 241(1232.79); Du: 154(76.2226) 0.0s
        384    -3.3521356751e+02 Pr: 0(0); Du: 0(5.55112e-17) 0.0s

Performed postsolve
Solving the original LP from the solution after postsolve

Model name          : boeing1
Model status        : Optimal
Simplex   iterations: 384
Objective value     : -3.3521356751e+02
P-D objective error :  2.5398177656e-16
HiGHS run time      :          0.01
Running HiGHS 1.15.1 (git hash: n/a): Copyright (c) 2026 under MIT licence terms
Includes third-party software components, see THIRD_PARTY_NOTICES.md for full details
Command line parsed using CLI11 2.5.0: Copyright (c) 2017-2025 University of Cincinnati
LP boeing2 has 166 rows; 143 cols; 1196 nonzeros
Coefficient ranges:
  Matrix  [1e-02, 3e+03]
  Cost    [1e-02, 7e+00]
  Bound   [2e+00, 1e+02]
  RHS     [1e+00, 1e+05]
Presolving model
125 rows, 143 cols, 801 nonzeros 0s
Dependent equations search running on 4 equations with time limit of 1000.00s
Dependent equations search removed 0 rows and 0 nonzeros in 0.00s (limit = 1000.00s)
122 rows, 143 cols, 794 nonzeros 0s
Presolve reductions: rows 122(-44); columns 143(-0); nonzeros 794(-402) 
Solving the presolved LP
Using dual simplex solver
  Iteration        Objective     Infeasibilities num(sum)
          0    -1.9283898720e+02 Ph1: 88(284.333); Du: 87(192.839) 0.0s
        142    -3.1501872802e+02 Pr: 0(0); Du: 0(8.54872e-14) 0.0s

Performed postsolve
Solving the original LP from the solution after postsolve

Model name          : boeing2
Model status        : Optimal
Simplex   iterations: 142
Objective value     : -3.1501872802e+02
P-D objective error :  1.8015862075e-16
HiGHS run time      :          0.00
Running HiGHS 1.15.1 (git hash: n/a): Copyright (c) 2026 under MIT licence terms
Includes third-party software components, see THIRD_PARTY_NOTICES.md for full details
Command line parsed using CLI11 2.5.0: Copyright (c) 2017-2025 University of Cincinnati
LP bore3d has 233 rows; 315 cols; 1429 nonzeros
Coefficient ranges:
  Matrix  [1e-04, 1e+03]
  Cost    [3e-04, 3e+02]
  Bound   [1e+01, 1e+02]
  RHS     [0e+00, 0e+00]
Presolving model
68 rows, 99 cols, 506 nonzeros 0s
39 rows, 68 cols, 338 nonzeros 0s
29 rows, 58 cols, 287 nonzeros 0s
Dependent equations search running on 28 equations with time limit of 1000.00s
Dependent equations search removed 0 rows and 0 nonzeros in 0.00s (limit = 1000.00s)
28 rows, 57 cols, 286 nonzeros 0s
Presolve reductions: rows 28(-205); columns 57(-258); nonzeros 286(-1143) 
Solving the presolved LP
Using dual simplex solver
  Iteration        Objective     Infeasibilities num(sum)
          0    -4.4404972342e+01 Ph1: 18(170.245); Du: 1(44.405) 0.0s
         34     1.3730803942e+03 Pr: 0(0) 0.0s

Performed postsolve
Solving the original LP from the solution after postsolve

Model name          : bore3d
Model status        : Optimal
Simplex   iterations: 34
Objective value     :  1.3730803942e+03
P-D objective error :  8.2766788315e-17
HiGHS run time      :          0.00
Running HiGHS 1.15.1 (git hash: n/a): Copyright (c) 2026 under MIT licence terms
Includes third-party software components, see THIRD_PARTY_NOTICES.md for full details
Command line parsed using CLI11 2.5.0: Copyright (c) 2017-2025 University of Cincinnati
LP brandy has 220 rows; 249 cols; 2148 nonzeros
Coefficient ranges:
  Matrix  [8e-04, 2e+02]
  Cost    [1e+00, 1e+00]
  Bound   [0e+00, 0e+00]
  RHS     [2e-01, 1e+02]
Presolving model
116 rows, 198 cols, 1822 nonzeros 0s
93 rows, 170 cols, 1687 nonzeros 0s
Dependent equations search running on 69 equations with time limit of 1000.00s
Dependent equations search removed 0 rows and 0 nonzeros in 0.00s (limit = 1000.00s)
92 rows, 169 cols, 1637 nonzeros 0s
Presolve reductions: rows 92(-128); columns 169(-80); nonzeros 1637(-511) 
Solving the presolved LP
Using dual simplex solver
  Iteration        Objective     Infeasibilities num(sum)
          0     4.1195694500e-05 Pr: 64(690.683); Du: 0(1.55885e-11) 0.0s
        203     1.5185098965e+03 Pr: 0(0) 0.0s

Performed postsolve
Solving the original LP from the solution after postsolve

Model name          : brandy
Model status        : Optimal
Simplex   iterations: 203
Objective value     :  1.5185098965e+03
P-D objective error :  1.4968544706e-16
HiGHS run time      :          0.01
Running HiGHS 1.15.1 (git hash: n/a): Copyright (c) 2026 under MIT licence terms
Includes third-party software components, see THIRD_PARTY_NOTICES.md for full details
Command line parsed using CLI11 2.5.0: Copyright (c) 2017-2025 University of Cincinnati
LP cycle has 1903 rows; 2857 cols; 20720 nonzeros
Coefficient ranges:
  Matrix  [1e-05, 9e+02]
  Cost    [2e-03, 1e+00]
  Bound   [2e+00, 2e+03]
  RHS     [0e+00, 0e+00]
Presolving model
1229 rows, 2239 cols, 14271 nonzeros 0s
934 rows, 1819 cols, 12870 nonzeros 0s
Dependent equations search running on 562 equations with time limit of 1000.00s
Dependent equations search removed 0 rows and 0 nonzeros in 0.00s (limit = 1000.00s)
892 rows, 1795 cols, 12768 nonzeros 0s
Presolve reductions: rows 892(-1011); columns 1795(-1062); nonzeros 12768(-7952) 
Solving the presolved LP
Using dual simplex solver
  Iteration        Objective     Infeasibilities num(sum)
          0    -2.3745205343e+02 Ph1: 237(6574.47); Du: 421(237.452) 0.0s
       3126    -5.2263930249e+00 Pr: 0(0); Du: 0(5.60865e-13) 0.2s
       3126    -5.2263930249e+00 Pr: 0(0); Du: 0(5.60865e-13) 0.2s

Performed postsolve
Solving the original LP from the solution after postsolve

Model name          : cycle
Model status        : Optimal
Simplex   iterations: 3126
Objective value     : -5.2263930249e+00
P-D objective error :  0.0000000000e+00
HiGHS run time      :          0.19
Running HiGHS 1.15.1 (git hash: n/a): Copyright (c) 2026 under MIT licence terms
Includes third-party software components, see THIRD_PARTY_NOTICES.md for full details
Command line parsed using CLI11 2.5.0: Copyright (c) 2017-2025 University of Cincinnati
LP czprob has 929 rows; 3523 cols; 10669 nonzeros
Coefficient ranges:
  Matrix  [2e-03, 1e+02]
  Cost    [1e+00, 3e+02]
  Bound   [0e+00, 0e+00]
  RHS     [1e-03, 3e+03]
Presolving model
475 rows, 2556 cols, 5112 nonzeros 0s
Dependent equations search running on 448 equations with time limit of 1000.00s
Dependent equations search removed 0 rows and 0 nonzeros in 0.00s (limit = 1000.00s)
464 rows, 2438 cols, 4876 nonzeros 0s
Presolve reductions: rows 464(-465); columns 2438(-1085); nonzeros 4876(-5793) 
Solving the presolved LP
Using dual simplex solver
  Iteration        Objective     Infeasibilities num(sum)
          0    -2.0617514628e+03 Ph1: 223(2371.88); Du: 1119(2061.75) 0.0s
        706     2.1851966989e+06 Pr: 0(0); Du: 0(4.44089e-16) 0.0s

Performed postsolve
Solving the original LP from the solution after postsolve

Model name          : czprob
Model status        : Optimal
Simplex   iterations: 706
Objective value     :  2.1851966989e+06
P-D objective error :  3.1964709241e-16
HiGHS run time      :          0.03
Running HiGHS 1.15.1 (git hash: n/a): Copyright (c) 2026 under MIT licence terms
Includes third-party software components, see THIRD_PARTY_NOTICES.md for full details
Command line parsed using CLI11 2.5.0: Copyright (c) 2017-2025 University of Cincinnati
LP d2q06c has 2171 rows; 5167 cols; 32417 nonzeros
Coefficient ranges:
  Matrix  [2e-04, 2e+03]
  Cost    [1e-03, 7e+01]
  Bound   [0e+00, 0e+00]
  RHS     [2e-02, 5e+03]
Presolving model
1972 rows, 5021 cols, 31203 nonzeros 0s
Dependent equations search running on 1163 equations with time limit of 1000.00s
Dependent equations search removed 0 rows and 0 nonzeros in 0.00s (limit = 1000.00s)
1759 rows, 4632 cols, 30513 nonzeros 0s
Presolve reductions: rows 1759(-412); columns 4632(-535); nonzeros 30513(-1904) 
Solving the presolved LP
Using dual simplex solver
  Iteration        Objective     Infeasibilities num(sum)
          0    -1.4947275265e+02 Ph1: 288(1066.53); Du: 126(149.473) 0.0s
       5295     1.2278421081e+05 Pr: 0(0); Du: 0(1.01438e-10) 0.7s
       5295     1.2278421081e+05 Pr: 0(0); Du: 0(1.01438e-10) 0.7s

Performed postsolve
Solving the original LP from the solution after postsolve

Model name          : d2q06c
Model status        : Optimal
Simplex   iterations: 5295
Objective value     :  1.2278421081e+05
P-D objective error :  1.7777354117e-16
HiGHS run time      :          0.72
Running HiGHS 1.15.1 (git hash: n/a): Copyright (c) 2026 under MIT licence terms
Includes third-party software components, see THIRD_PARTY_NOTICES.md for full details
Command line parsed using CLI11 2.5.0: Copyright (c) 2017-2025 University of Cincinnati
LP d6cube has 415 rows; 6184 cols; 37704 nonzeros
Coefficient ranges:
  Matrix  [1e+00, 4e+02]
  Cost    [1e+00, 1e+00]
  Bound   [1e+00, 1e+00]
  RHS     [1e+00, 1e+04]
Presolving model
403 rows, 6183 cols, 37696 nonzeros 0s
Dependent equations search running on 400 equations with time limit of 1000.00s
Dependent equations search removed 0 rows and 0 nonzeros in 0.00s (limit = 1000.00s)
400 rows, 5435 cols, 34194 nonzeros 0s
Presolve reductions: rows 400(-15); columns 5435(-749); nonzeros 34194(-3510) 
Solving the presolved LP
Using dual simplex solver
  Iteration        Objective     Infeasibilities num(sum)
          0     2.0000056390e+00 Pr: 14(14392) 0.1s
        437     3.1549166667e+02 Pr: 0(0); Du: 0(1.02696e-15) 0.1s

Performed postsolve
Solving the original LP from the solution after postsolve

Model name          : d6cube
Model status        : Optimal
Simplex   iterations: 437
Objective value     :  3.1549166667e+02
P-D objective error :  1.7988898081e-16
HiGHS run time      :          0.13
Running HiGHS 1.15.1 (git hash: n/a): Copyright (c) 2026 under MIT licence terms
Includes third-party software components, see THIRD_PARTY_NOTICES.md for full details
Command line parsed using CLI11 2.5.0: Copyright (c) 2017-2025 University of Cincinnati
LP degen2 has 444 rows; 534 cols; 3978 nonzeros
Coefficient ranges:
  Matrix  [1e+00, 1e+00]
  Cost    [1e-02, 5e+01]
  Bound   [0e+00, 0e+00]
  RHS     [1e+00, 4e+01]
Presolving model
381 rows, 473 cols, 3850 nonzeros 0s
Dependent equations search running on 160 equations with time limit of 1000.00s
Dependent equations search removed 2 rows and 54 nonzeros in 0.00s (limit = 1000.00s)
378 rows, 473 cols, 3793 nonzeros 0s
Presolve reductions: rows 378(-66); columns 473(-61); nonzeros 3793(-185) 
Solving the presolved LP
Using dual simplex solver
  Iteration        Objective     Infeasibilities num(sum)
          0    -2.3126389875e+03 Ph1: 240(639); Du: 315(2312.64) 0.0s
        458    -1.4351780000e+03 Pr: 0(0) 0.0s

Performed postsolve
Solving the original LP from the solution after postsolve

Model name          : degen2
Model status        : Optimal
Simplex   iterations: 458
Objective value     : -1.4351780000e+03
P-D objective error :  3.9593431717e-16
HiGHS run time      :          0.01
Running HiGHS 1.15.1 (git hash: n/a): Copyright (c) 2026 under MIT licence terms
Includes third-party software components, see THIRD_PARTY_NOTICES.md for full details
Command line parsed using CLI11 2.5.0: Copyright (c) 2017-2025 University of Cincinnati
LP degen3 has 1503 rows; 1818 cols; 24646 nonzeros
Coefficient ranges:
  Matrix  [1e+00, 1e+00]
  Cost    [1e-02, 2e+01]
  Bound   [0e+00, 0e+00]
  RHS     [1e+00, 5e+01]
Presolving model
1412 rows, 1727 cols, 24464 nonzeros 0s
Dependent equations search running on 621 equations with time limit of 1000.00s
Dependent equations search removed 2 rows and 335 nonzeros in 0.00s (limit = 1000.00s)
1405 rows, 1722 cols, 24139 nonzeros 0s
Presolve reductions: rows 1405(-98); columns 1722(-96); nonzeros 24139(-507) 
Solving the presolved LP
Using dual simplex solver
  Iteration        Objective     Infeasibilities num(sum)
          0    -2.3914600946e+03 Ph1: 910(3337); Du: 1093(2391.46) 0.0s
       2159    -9.8729400000e+02 Pr: 0(0); Du: 0(1.2013e-13) 0.2s

Performed postsolve
Solving the original LP from the solution after postsolve

Model name          : degen3
Model status        : Optimal
Simplex   iterations: 2159
Objective value     : -9.8729400000e+02
P-D objective error :  6.9054987814e-16
HiGHS run time      :          0.17
Running HiGHS 1.15.1 (git hash: n/a): Copyright (c) 2026 under MIT licence terms
Includes third-party software components, see THIRD_PARTY_NOTICES.md for full details
Command line parsed using CLI11 2.5.0: Copyright (c) 2017-2025 University of Cincinnati
LP dfl001 has 6071 rows; 12230 cols; 35632 nonzeros
Coefficient ranges:
  Matrix  [8e-02, 2e+00]
  Cost    [6e+02, 4e+07]
  Bound   [4e+00, 1e+02]
  RHS     [1e+00, 1e+02]
WARNING: Problem has some excessively large costs
WARNING:    Consider scaling the objective by 1e-2, or setting the user_objective_scale option to -6
Presolving model
5963 rows, 12070 cols, 35198 nonzeros 0s
3953 rows, 9821 cols, 32019 nonzeros 0s
Dependent equations search running on 3672 equations with time limit of 1000.00s
Dependent equations search removed 13 rows and 159 nonzeros in 0.00s (limit = 1000.00s)
3657 rows, 9323 cols, 31220 nonzeros 0s
Presolve reductions: rows 3657(-2414); columns 9323(-2907); nonzeros 31220(-4412) 
Solving the presolved LP
Using dual simplex solver
  Iteration        Objective     Infeasibilities num(sum)
          0    -2.4569377444e+02 Ph1: 4(4); Du: 1(245.694) 0.0s
      16264     1.1265957590e+07 Pr: 604(1207.54) 5.1s
      17722     1.1266396047e+07 Pr: 0(0); Du: 0(3.67322e-10) 5.6s
      17722     1.1266396047e+07 Pr: 0(0); Du: 0(3.67322e-10) 5.6s

Performed postsolve
Solving the original LP from the solution after postsolve

Model name          : dfl001
Model status        : Optimal
Simplex   iterations: 17722
Objective value     :  1.1266396047e+07
P-D objective error :  4.1331874427e-16
HiGHS run time      :          5.64
Running HiGHS 1.15.1 (git hash: n/a): Copyright (c) 2026 under MIT licence terms
Includes third-party software components, see THIRD_PARTY_NOTICES.md for full details
Command line parsed using CLI11 2.5.0: Copyright (c) 2017-2025 University of Cincinnati
LP e226 has 223 rows; 282 cols; 2578 nonzeros
Coefficient ranges:
  Matrix  [3e-04, 1e+03]
  Cost    [5e-04, 3e+01]
  Bound   [0e+00, 0e+00]
  RHS     [9e-03, 6e+01]
Presolving model
156 rows, 255 cols, 2278 nonzeros 0s
Dependent equations search running on 21 equations with time limit of 1000.00s
Dependent equations search removed 0 rows and 0 nonzeros in 0.00s (limit = 1000.00s)
144 rows, 247 cols, 2266 nonzeros 0s
Presolve reductions: rows 144(-79); columns 247(-35); nonzeros 2266(-312) 
Solving the presolved LP
Using dual simplex solver
  Iteration        Objective     Infeasibilities num(sum)
          0    -5.7321626413e+01 Ph1: 40(270.787); Du: 21(57.3216) 0.0s
        335    -1.1638929066e+01 Pr: 0(0) 0.0s

Performed postsolve
Solving the original LP from the solution after postsolve

Model name          : e226
Model status        : Optimal
Simplex   iterations: 335
Objective value     : -1.1638929066e+01
P-D objective error :  1.0243488373e-15
HiGHS run time      :          0.01
Running HiGHS 1.15.1 (git hash: n/a): Copyright (c) 2026 under MIT licence terms
Includes third-party software components, see THIRD_PARTY_NOTICES.md for full details
Command line parsed using CLI11 2.5.0: Copyright (c) 2017-2025 University of Cincinnati
LP etamacro has 400 rows; 688 cols; 2409 nonzeros
Coefficient ranges:
  Matrix  [2e-02, 2e+03]
  Cost    [8e-03, 8e+02]
  Bound   [3e-02, 1e+02]
  RHS     [1e+00, 1e+04]
Presolving model
343 rows, 551 cols, 1902 nonzeros 0s
Dependent equations search running on 167 equations with time limit of 1000.00s
Dependent equations search removed 0 rows and 0 nonzeros in 0.00s (limit = 1000.00s)
278 rows, 487 cols, 1930 nonzeros 0s
Presolve reductions: rows 278(-122); columns 487(-201); nonzeros 1930(-479) 
Solving the presolved LP
Using dual simplex solver
  Iteration        Objective     Infeasibilities num(sum)
          0    -2.9010900832e+01 Ph1: 59(108.182); Du: 43(29.0109) 0.0s
        417    -7.5571523130e+02 Pr: 0(0); Du: 0(1.86926e-07) 0.0s
        417    -7.5571523130e+02 Pr: 0(0); Du: 0(1.86926e-07) 0.0s
Using primal simplex solver
  Iteration        Objective     Infeasibilities num(sum)
        417    -7.5571523130e+02 Pr: 0(0); Du: 1(1.46489e-06) 0.0s
        419    -7.5571523330e+02 Pr: 0(0); Du: 0(1.03135e-07) 0.0s

Performed postsolve
Solving the original LP from the solution after postsolve

Model name          : etamacro
Model status        : Optimal
Simplex   iterations: 419
Objective value     : -7.5571523330e+02
P-D objective error :  2.2550492118e-16
HiGHS run time      :          0.01
Running HiGHS 1.15.1 (git hash: n/a): Copyright (c) 2026 under MIT licence terms
Includes third-party software components, see THIRD_PARTY_NOTICES.md for full details
Command line parsed using CLI11 2.5.0: Copyright (c) 2017-2025 University of Cincinnati
LP fffff800 has 524 rows; 854 cols; 6227 nonzeros
Coefficient ranges:
  Matrix  [8e-03, 1e+05]
  Cost    [1e+00, 1e+00]
  Bound   [0e+00, 0e+00]
  RHS     [3e-01, 2e+05]
Presolving model
470 rows, 800 cols, 5685 nonzeros 0s
294 rows, 635 cols, 4837 nonzeros 0s
Dependent equations search running on 130 equations with time limit of 1000.00s
Dependent equations search removed 0 rows and 0 nonzeros in 0.00s (limit = 1000.00s)
291 rows, 635 cols, 4790 nonzeros 0s
Presolve reductions: rows 291(-233); columns 635(-219); nonzeros 4790(-1437) 
Solving the presolved LP
Using dual simplex solver
  Iteration        Objective     Infeasibilities num(sum)
          0     5.7825733230e+01 Pr: 154(802146) 0.0s
        411     5.5567956482e+05 Pr: 0(0); Du: 0(3.21965e-15) 0.0s

Performed postsolve
Solving the original LP from the solution after postsolve

Model name          : fffff800
Model status        : Optimal
Simplex   iterations: 411
Objective value     :  5.5567956482e+05
P-D objective error :  4.1900125341e-16
HiGHS run time      :          0.01
Running HiGHS 1.15.1 (git hash: n/a): Copyright (c) 2026 under MIT licence terms
Includes third-party software components, see THIRD_PARTY_NOTICES.md for full details
Command line parsed using CLI11 2.5.0: Copyright (c) 2017-2025 University of Cincinnati
LP finnis has 497 rows; 614 cols; 2310 nonzeros
Coefficient ranges:
  Matrix  [5e-04, 3e+01]
  Cost    [1e-05, 4e+03]
  Bound   [1e-04, 3e+04]
  RHS     [1e-02, 4e+03]
WARNING: Problem has some excessively small costs
Presolving model
365 rows, 458 cols, 1617 nonzeros 0s
Dependent equations search running on 6 equations with time limit of 1000.00s
Dependent equations search removed 0 rows and 0 nonzeros in 0.00s (limit = 1000.00s)
324 rows, 389 cols, 1423 nonzeros 0s
Presolve reductions: rows 324(-173); columns 389(-225); nonzeros 1423(-887) 
Solving the presolved LP
Using dual simplex solver
  Iteration        Objective     Infeasibilities num(sum)
          0    -3.4994926250e+03 Ph1: 4(3379); Du: 1(3.49949) 0.0s
        246     1.7279106560e+05 Pr: 0(0); Du: 0(1.62093e-14) 0.0s

Performed postsolve
Solving the original LP from the solution after postsolve

Model name          : finnis
Model status        : Optimal
Simplex   iterations: 246
Objective value     :  1.7279106560e+05
P-D objective error :  0.0000000000e+00
HiGHS run time      :          0.01
Running HiGHS 1.15.1 (git hash: n/a): Copyright (c) 2026 under MIT licence terms
Includes third-party software components, see THIRD_PARTY_NOTICES.md for full details
Command line parsed using CLI11 2.5.0: Copyright (c) 2017-2025 University of Cincinnati
LP fit1d has 24 rows; 1026 cols; 13404 nonzeros
Coefficient ranges:
  Matrix  [1e-02, 2e+03]
  Cost    [1e+01, 1e+03]
  Bound   [1e+00, 3e+00]
  RHS     [0e+00, 0e+00]
Presolving model
24 rows, 1026 cols, 13404 nonzeros 0s
Dependent equations search running on 1 equations with time limit of 1000.00s
Dependent equations search removed 0 rows and 0 nonzeros in 0.00s (limit = 1000.00s)
24 rows, 1024 cols, 13386 nonzeros 0s
Presolve reductions: rows 24(-0); columns 1024(-2); nonzeros 13386(-18) 
Solving the presolved LP
Using dual simplex solver
  Iteration        Objective     Infeasibilities num(sum)
          0     0.0000000000e+00 Ph1: 0(0) 0.0s
         58    -9.1463780924e+03 Pr: 0(0) 0.0s

Performed postsolve
Solving the original LP from the solution after postsolve

Model name          : fit1d
Model status        : Optimal
Simplex   iterations: 58
Objective value     : -9.1463780924e+03
P-D objective error :  2.9829676068e-16
HiGHS run time      :          0.01
Running HiGHS 1.15.1 (git hash: n/a): Copyright (c) 2026 under MIT licence terms
Includes third-party software components, see THIRD_PARTY_NOTICES.md for full details
Command line parsed using CLI11 2.5.0: Copyright (c) 2017-2025 University of Cincinnati
LP fit1p has 627 rows; 1677 cols; 9868 nonzeros
Coefficient ranges:
  Matrix  [1e-02, 2e+03]
  Cost    [1e+00, 3e+00]
  Bound   [8e+01, 1e+03]
  RHS     [1e+01, 2e+02]
Presolving model
627 rows, 1677 cols, 9868 nonzeros 0s
Dependent equations search running on 627 equations with time limit of 1000.00s
Dependent equations search removed 0 rows and 0 nonzeros in 0.00s (limit = 1000.00s)
627 rows, 1677 cols, 9868 nonzeros 0s
Presolve reductions: rows 627(-0); columns 1677(-0); nonzeros 9868(-0) - Not reduced
Problem not reduced by presolve: solving the LP
Using dual simplex solver
  Iteration        Objective     Infeasibilities num(sum)
          0     0.0000000000e+00 Pr: 627(19524.1) 0.0s
        860     9.1463780924e+03 Pr: 0(0) 0.0s

Model name          : fit1p
Model status        : Optimal
Simplex   iterations: 860
Objective value     :  9.1463780924e+03
P-D objective error :  3.9772901424e-16
HiGHS run time      :          0.04
Running HiGHS 1.15.1 (git hash: n/a): Copyright (c) 2026 under MIT licence terms
Includes third-party software components, see THIRD_PARTY_NOTICES.md for full details
Command line parsed using CLI11 2.5.0: Copyright (c) 2017-2025 University of Cincinnati
LP fit2d has 25 rows; 10500 cols; 129018 nonzeros
Coefficient ranges:
  Matrix  [5e-02, 3e+03]
  Cost    [5e+00, 8e+03]
  Bound   [5e-01, 8e+00]
  RHS     [0e+00, 0e+00]
Presolving model
25 rows, 10500 cols, 129018 nonzeros 0s
Dependent equations search running on 1 equations with time limit of 1000.00s
Dependent equations search removed 0 rows and 0 nonzeros in 0.00s (limit = 1000.00s)
25 rows, 10363 cols, 127760 nonzeros 0s
Presolve reductions: rows 25(-0); columns 10363(-137); nonzeros 127760(-1258) 
Solving the presolved LP
Using dual simplex solver
  Iteration        Objective     Infeasibilities num(sum)
          0     0.0000000000e+00 Ph1: 0(0) 0.1s
        129    -6.8464293294e+04 Pr: 0(0) 0.1s

Performed postsolve
Solving the original LP from the solution after postsolve

Model name          : fit2d
Model status        : Optimal
Simplex   iterations: 129
Objective value     : -6.8464293294e+04
P-D objective error :  5.3136490042e-16
HiGHS run time      :          0.15
Running HiGHS 1.15.1 (git hash: n/a): Copyright (c) 2026 under MIT licence terms
Includes third-party software components, see THIRD_PARTY_NOTICES.md for full details
Command line parsed using CLI11 2.5.0: Copyright (c) 2017-2025 University of Cincinnati
LP fit2p has 3000 rows; 13525 cols; 50284 nonzeros
Coefficient ranges:
  Matrix  [5e-02, 3e+03]
  Cost    [1e+00, 1e+01]
  Bound   [4e+00, 7e+03]
  RHS     [4e+01, 2e+03]
Presolving model
3000 rows, 13525 cols, 50284 nonzeros 0s
Dependent equations search running on 3000 equations with time limit of 1000.00s
Dependent equations search removed 0 rows and 0 nonzeros in 0.00s (limit = 1000.00s)
3000 rows, 13525 cols, 50284 nonzeros 0s
Presolve reductions: rows 3000(-0); columns 13525(-0); nonzeros 50284(-0) - Not reduced
Problem not reduced by presolve: solving the LP
Using dual simplex solver
  Iteration        Objective     Infeasibilities num(sum)
          0     0.0000000000e+00 Pr: 1500(87699.5) 0.0s
       4881     6.8464293294e+04 Pr: 0(0) 1.2s

Model name          : fit2p
Model status        : Optimal
Simplex   iterations: 4881
Objective value     :  6.8464293294e+04
P-D objective error :  4.2509192034e-16
HiGHS run time      :          1.16
Running HiGHS 1.15.1 (git hash: n/a): Copyright (c) 2026 under MIT licence terms
Includes third-party software components, see THIRD_PARTY_NOTICES.md for full details
Command line parsed using CLI11 2.5.0: Copyright (c) 2017-2025 University of Cincinnati
WARNING: Free format reader has detected row/col names with spaces: switching to fixed format parser
LP forplan has 161 rows; 421 cols; 4563 nonzeros
Coefficient ranges:
  Matrix  [7e-03, 3e+03]
  Cost    [1e-04, 1e+00]
  Bound   [3e+03, 1e+07]
  RHS     [1e+01, 7e+06]
WARNING: Problem has some excessively large column bounds
WARNING: Problem has some excessively large row bounds
WARNING:    Consider scaling the    bounds by 1e-1, or setting the user_bound_scale option to -4
Presolving model
120 rows, 401 cols, 4368 nonzeros 0s
Dependent equations search running on 55 equations with time limit of 1000.00s
Dependent equations search removed 0 rows and 0 nonzeros in 0.00s (limit = 1000.00s)
99 rows, 362 cols, 3788 nonzeros 0s
Presolve reductions: rows 99(-62); columns 362(-59); nonzeros 3788(-775) 
Solving the presolved LP
Using dual simplex solver
  Iteration        Objective     Infeasibilities num(sum)
          0    -2.6057596431e+01 Ph1: 25(107.001); Du: 7(26.0576) 0.0s
        185    -6.6421896127e+02 Pr: 0(0) 0.0s

Performed postsolve
Solving the original LP from the solution after postsolve

Model name          : forplan
Model status        : Optimal
Simplex   iterations: 185
Objective value     : -6.6421896127e+02
P-D objective error :  0.0000000000e+00
HiGHS run time      :          0.01
Running HiGHS 1.15.1 (git hash: n/a): Copyright (c) 2026 under MIT licence terms
Includes third-party software components, see THIRD_PARTY_NOTICES.md for full details
Command line parsed using CLI11 2.5.0: Copyright (c) 2017-2025 University of Cincinnati
LP ganges has 1309 rows; 1681 cols; 6912 nonzeros
Coefficient ranges:
  Matrix  [1e-03, 1e+00]
  Cost    [5e-01, 5e-01]
  Bound   [6e+00, 5e+04]
  RHS     [1e+01, 1e+05]
Presolving model
827 rows, 1196 cols, 5036 nonzeros 0s
542 rows, 906 cols, 4434 nonzeros 0s
Dependent equations search running on 456 equations with time limit of 1000.00s
Dependent equations search removed 0 rows and 0 nonzeros in 0.00s (limit = 1000.00s)
471 rows, 797 cols, 4006 nonzeros 0s
Presolve reductions: rows 471(-838); columns 797(-884); nonzeros 4006(-2906) 
Solving the presolved LP
Using dual simplex solver
  Iteration        Objective     Infeasibilities num(sum)
          0     0.0000000000e+00 Ph1: 0(0) 0.0s
        513    -1.0958573613e+05 Pr: 0(0); Du: 0(6.47437e-12) 0.0s

Performed postsolve
Solving the original LP from the solution after postsolve

Model name          : ganges
Model status        : Optimal
Simplex   iterations: 513
Objective value     : -1.0958573613e+05
P-D objective error :  6.6394812626e-16
HiGHS run time      :          0.01
Running HiGHS 1.15.1 (git hash: n/a): Copyright (c) 2026 under MIT licence terms
Includes third-party software components, see THIRD_PARTY_NOTICES.md for full details
Command line parsed using CLI11 2.5.0: Copyright (c) 2017-2025 University of Cincinnati
LP gfrd-pnc has 616 rows; 1092 cols; 2377 nonzeros
Coefficient ranges:
  Matrix  [1e+00, 1e+03]
  Cost    [2e-01, 8e+04]
  Bound   [1e+00, 1e+05]
  RHS     [9e+02, 1e+03]
Presolving model
464 rows, 940 cols, 2073 nonzeros 0s
355 rows, 831 cols, 1847 nonzeros 0s
Dependent equations search running on 254 equations with time limit of 1000.00s
Dependent equations search removed 0 rows and 0 nonzeros in 0.00s (limit = 1000.00s)
322 rows, 794 cols, 1781 nonzeros 0s
Presolve reductions: rows 322(-294); columns 794(-298); nonzeros 1781(-596) 
Solving the presolved LP
Using dual simplex solver
  Iteration        Objective     Infeasibilities num(sum)
          0    -5.9060636051e+00 Ph1: 31(92); Du: 18(5.90606) 0.0s
        303     6.9022359995e+06 Pr: 0(0) 0.0s

Performed postsolve
Solving the original LP from the solution after postsolve

Model name          : gfrd-pnc
Model status        : Optimal
Simplex   iterations: 303
Objective value     :  6.9022359995e+06
P-D objective error :  4.7225692880e-16
HiGHS run time      :          0.01
Running HiGHS 1.15.1 (git hash: n/a): Copyright (c) 2026 under MIT licence terms
Includes third-party software components, see THIRD_PARTY_NOTICES.md for full details
Command line parsed using CLI11 2.5.0: Copyright (c) 2017-2025 University of Cincinnati
LP greenbea has 2392 rows; 5405 cols; 30877 nonzeros
Coefficient ranges:
  Matrix  [6e-05, 1e+02]
  Cost    [6e-02, 1e+02]
  Bound   [1e+00, 1e+04]
  RHS     [0e+00, 0e+00]
Presolving model
1790 rows, 4292 cols, 26165 nonzeros 0s
1047 rows, 3218 cols, 24875 nonzeros 0s
Dependent equations search running on 784 equations with time limit of 1000.00s
Dependent equations search removed 0 rows and 0 nonzeros in 0.00s (limit = 1000.00s)
951 rows, 2989 cols, 23458 nonzeros 0s
Presolve reductions: rows 951(-1441); columns 2989(-2416); nonzeros 23458(-7419) 
Solving the presolved LP
Using dual simplex solver
  Iteration        Objective     Infeasibilities num(sum)
          0    -1.0489204210e+02 Ph1: 36(8468.18); Du: 9(104.892) 0.0s
       2530    -7.2555248130e+07 Pr: 0(0); Du: 0(1.35097e-09) 0.2s
       2530    -7.2555248130e+07 Pr: 0(0); Du: 0(1.35097e-09) 0.2s

Performed postsolve
Solving the original LP from the solution after postsolve

Model name          : greenbea
Model status        : Optimal
Simplex   iterations: 2530
Objective value     : -7.2555248130e+07
P-D objective error :  3.0806512572e-16
HiGHS run time      :          0.24
Running HiGHS 1.15.1 (git hash: n/a): Copyright (c) 2026 under MIT licence terms
Includes third-party software components, see THIRD_PARTY_NOTICES.md for full details
Command line parsed using CLI11 2.5.0: Copyright (c) 2017-2025 University of Cincinnati
LP greenbeb has 2392 rows; 5405 cols; 30877 nonzeros
Coefficient ranges:
  Matrix  [6e-05, 1e+02]
  Cost    [6e-02, 1e+02]
  Bound   [1e+00, 1e+04]
  RHS     [0e+00, 0e+00]
Presolving model
1791 rows, 4284 cols, 26098 nonzeros 0s
1049 rows, 3210 cols, 24743 nonzeros 0s
Dependent equations search running on 786 equations with time limit of 1000.00s
Dependent equations search removed 0 rows and 0 nonzeros in 0.00s (limit = 1000.00s)
953 rows, 2981 cols, 23325 nonzeros 0s
Presolve reductions: rows 953(-1439); columns 2981(-2424); nonzeros 23325(-7552) 
Solving the presolved LP
Using dual simplex solver
  Iteration        Objective     Infeasibilities num(sum)
          0    -2.7694295214e+01 Ph1: 14(8284.74); Du: 4(27.6943) 0.0s
       4877    -4.3022602612e+06 Pr: 0(0); Du: 0(1.80302e-11) 0.4s

Performed postsolve
Solving the original LP from the solution after postsolve

Model name          : greenbeb
Model status        : Optimal
Simplex   iterations: 4877
Objective value     : -4.3022602612e+06
P-D objective error :  0.0000000000e+00
HiGHS run time      :          0.44
Running HiGHS 1.15.1 (git hash: n/a): Copyright (c) 2026 under MIT licence terms
Includes third-party software components, see THIRD_PARTY_NOTICES.md for full details
Command line parsed using CLI11 2.5.0: Copyright (c) 2017-2025 University of Cincinnati
LP grow15 has 300 rows; 645 cols; 5620 nonzeros
Coefficient ranges:
  Matrix  [6e-06, 1e+00]
  Cost    [1e+00, 7e+00]
  Bound   [3e+03, 1e+06]
  RHS     [0e+00, 0e+00]
WARNING: Problem has some excessively large column bounds
WARNING:    Consider scaling the    bounds by 1e-1, or setting the user_bound_scale option to -1
Presolving model
300 rows, 645 cols, 5620 nonzeros 0s
Dependent equations search running on 296 equations with time limit of 1000.00s
Dependent equations search removed 0 rows and 0 nonzeros in 0.00s (limit = 1000.00s)
296 rows, 641 cols, 5626 nonzeros 0s
Presolve reductions: rows 296(-4); columns 641(-4); nonzeros 5626(+6) 
Solving the presolved LP
Using dual simplex solver
  Iteration        Objective     Infeasibilities num(sum)
          0     0.0000000000e+00 Ph1: 0(0) 0.0s
        937    -1.0687094129e+08 Pr: 0(0); Du: 0(9.64877e-12) 0.0s

Performed postsolve
Solving the original LP from the solution after postsolve

Model name          : grow15
Model status        : Optimal
Simplex   iterations: 937
Objective value     : -1.0687094129e+08
P-D objective error :  6.9715682036e-17
HiGHS run time      :          0.03
Running HiGHS 1.15.1 (git hash: n/a): Copyright (c) 2026 under MIT licence terms
Includes third-party software components, see THIRD_PARTY_NOTICES.md for full details
Command line parsed using CLI11 2.5.0: Copyright (c) 2017-2025 University of Cincinnati
LP grow22 has 440 rows; 946 cols; 8252 nonzeros
Coefficient ranges:
  Matrix  [6e-06, 1e+00]
  Cost    [1e+00, 7e+00]
  Bound   [3e+03, 1e+06]
  RHS     [0e+00, 0e+00]
WARNING: Problem has some excessively large column bounds
WARNING:    Consider scaling the    bounds by 1e-1, or setting the user_bound_scale option to -1
Presolving model
440 rows, 946 cols, 8252 nonzeros 0s
Dependent equations search running on 436 equations with time limit of 1000.00s
Dependent equations search removed 0 rows and 0 nonzeros in 0.00s (limit = 1000.00s)
436 rows, 942 cols, 8258 nonzeros 0s
Presolve reductions: rows 436(-4); columns 942(-4); nonzeros 8258(+6) 
Solving the presolved LP
Using dual simplex solver
  Iteration        Objective     Infeasibilities num(sum)
          0     0.0000000000e+00 Ph1: 0(0) 0.0s
       1934    -1.6083433648e+08 Pr: 0(0); Du: 0(3.39555e-11) 0.1s

Performed postsolve
Solving the original LP from the solution after postsolve

Model name          : grow22
Model status        : Optimal
Simplex   iterations: 1934
Objective value     : -1.6083433648e+08
P-D objective error :  2.7794738624e-16
HiGHS run time      :          0.09
Running HiGHS 1.15.1 (git hash: n/a): Copyright (c) 2026 under MIT licence terms
Includes third-party software components, see THIRD_PARTY_NOTICES.md for full details
Command line parsed using CLI11 2.5.0: Copyright (c) 2017-2025 University of Cincinnati
LP grow7 has 140 rows; 301 cols; 2612 nonzeros
Coefficient ranges:
  Matrix  [6e-06, 1e+00]
  Cost    [1e+00, 7e+00]
  Bound   [3e+03, 1e+06]
  RHS     [0e+00, 0e+00]
WARNING: Problem has some excessively large column bounds
WARNING:    Consider scaling the    bounds by 1e-1, or setting the user_bound_scale option to -1
Presolving model
140 rows, 301 cols, 2612 nonzeros 0s
Dependent equations search running on 136 equations with time limit of 1000.00s
Dependent equations search removed 0 rows and 0 nonzeros in 0.00s (limit = 1000.00s)
136 rows, 297 cols, 2618 nonzeros 0s
Presolve reductions: rows 136(-4); columns 297(-4); nonzeros 2618(+6) 
Solving the presolved LP
Using dual simplex solver
  Iteration        Objective     Infeasibilities num(sum)
          0     0.0000000000e+00 Ph1: 0(0) 0.0s
        353    -4.7787811815e+07 Pr: 0(0); Du: 0(2.94963e-12) 0.0s

Performed postsolve
Solving the original LP from the solution after postsolve

Model name          : grow7
Model status        : Optimal
Simplex   iterations: 353
Objective value     : -4.7787811815e+07
P-D objective error :  1.5590963963e-16
HiGHS run time      :          0.01
Running HiGHS 1.15.1 (git hash: n/a): Copyright (c) 2026 under MIT licence terms
Includes third-party software components, see THIRD_PARTY_NOTICES.md for full details
Command line parsed using CLI11 2.5.0: Copyright (c) 2017-2025 University of Cincinnati
LP israel has 174 rows; 142 cols; 2269 nonzeros
Coefficient ranges:
  Matrix  [1e-03, 2e+03]
  Cost    [2e-01, 3e+03]
  Bound   [0e+00, 0e+00]
  RHS     [5e-01, 9e+05]
Presolving model
163 rows, 141 cols, 2256 nonzeros 0s
163 rows, 141 cols, 2256 nonzeros 0s
Presolve reductions: rows 163(-11); columns 141(-1); nonzeros 2256(-13) 
Solving the presolved LP
Using dual simplex solver
  Iteration        Objective     Infeasibilities num(sum)
          0    -1.3154626544e+03 Ph1: 150(1647.12); Du: 24(1315.46) 0.0s
        134    -8.9664482186e+05 Pr: 0(0) 0.0s

Performed postsolve
Solving the original LP from the solution after postsolve

Model name          : israel
Model status        : Optimal
Simplex   iterations: 134
Objective value     : -8.9664482186e+05
P-D objective error :  2.5966860918e-16
HiGHS run time      :          0.00
Running HiGHS 1.15.1 (git hash: n/a): Copyright (c) 2026 under MIT licence terms
Includes third-party software components, see THIRD_PARTY_NOTICES.md for full details
Command line parsed using CLI11 2.5.0: Copyright (c) 2017-2025 University of Cincinnati
LP kb2 has 43 rows; 41 cols; 286 nonzeros
Coefficient ranges:
  Matrix  [2e-01, 1e+02]
  Cost    [9e-02, 2e+01]
  Bound   [5e+00, 2e+02]
  RHS     [0e+00, 0e+00]
Presolving model
39 rows, 37 cols, 276 nonzeros 0s
Dependent equations search running on 10 equations with time limit of 1000.00s
Dependent equations search removed 0 rows and 0 nonzeros in 0.00s (limit = 1000.00s)
37 rows, 35 cols, 265 nonzeros 0s
Presolve reductions: rows 37(-6); columns 35(-6); nonzeros 265(-21) 
Solving the presolved LP
Using dual simplex solver
  Iteration        Objective     Infeasibilities num(sum)
          0     0.0000000000e+00 Ph1: 0(0) 0.0s
         31    -1.7499001299e+03 Pr: 0(0) 0.0s

Performed postsolve
Solving the original LP from the solution after postsolve

Model name          : kb2
Model status        : Optimal
Simplex   iterations: 31
Objective value     : -1.7499001299e+03
P-D objective error :  1.2989811390e-16
HiGHS run time      :          0.00
Running HiGHS 1.15.1 (git hash: n/a): Copyright (c) 2026 under MIT licence terms
Includes third-party software components, see THIRD_PARTY_NOTICES.md for full details
Command line parsed using CLI11 2.5.0: Copyright (c) 2017-2025 University of Cincinnati
LP lotfi has 153 rows; 308 cols; 1078 nonzeros
Coefficient ranges:
  Matrix  [2e-02, 1e+03]
  Cost    [1e+00, 1e+00]
  Bound   [0e+00, 0e+00]
  RHS     [1e+00, 2e+04]
Presolving model
122 rows, 288 cols, 798 nonzeros 0s
Dependent equations search running on 59 equations with time limit of 1000.00s
Dependent equations search removed 0 rows and 0 nonzeros in 0.00s (limit = 1000.00s)
106 rows, 271 cols, 676 nonzeros 0s
Presolve reductions: rows 106(-47); columns 271(-37); nonzeros 676(-402) 
Solving the presolved LP
Using dual simplex solver
  Iteration        Objective     Infeasibilities num(sum)
          0    -1.6598941830e+01 Ph1: 63(173.5); Du: 44(16.5989) 0.0s
         98    -2.5264706062e+01 Pr: 0(0); Du: 0(1.63758e-15) 0.0s

Performed postsolve
Solving the original LP from the solution after postsolve

Model name          : lotfi
Model status        : Optimal
Simplex   iterations: 98
Objective value     : -2.5264706062e+01
P-D objective error :  6.8945356300e-17
HiGHS run time      :          0.00
Running HiGHS 1.15.1 (git hash: n/a): Copyright (c) 2026 under MIT licence terms
Includes third-party software components, see THIRD_PARTY_NOTICES.md for full details
Command line parsed using CLI11 2.5.0: Copyright (c) 2017-2025 University of Cincinnati
LP maros has 846 rows; 1443 cols; 9614 nonzeros
Coefficient ranges:
  Matrix  [1e-04, 2e+04]
  Cost    [4e-05, 1e+02]
  Bound   [2e+01, 7e+03]
  RHS     [2e+02, 4e+02]
WARNING: Problem has some excessively small costs
Presolving model
685 rows, 1165 cols, 8074 nonzeros 0s
488 rows, 834 cols, 5618 nonzeros 0s
Dependent equations search running on 78 equations with time limit of 1000.00s
Dependent equations search removed 0 rows and 0 nonzeros in 0.00s (limit = 1000.00s)
475 rows, 782 cols, 5392 nonzeros 0s
Presolve reductions: rows 475(-371); columns 782(-661); nonzeros 5392(-4222) 
Solving the presolved LP
Using dual simplex solver
  Iteration        Objective     Infeasibilities num(sum)
          0    -7.3672407020e+02 Ph1: 216(625.104); Du: 161(736.724) 0.0s
       1193    -5.8063743701e+04 Pr: 0(0); Du: 0(1.28231e-14) 0.0s

Performed postsolve
Solving the original LP from the solution after postsolve

Model name          : maros
Model status        : Optimal
Simplex   iterations: 1193
Objective value     : -5.8063743701e+04
P-D objective error :  2.5061749367e-16
HiGHS run time      :          0.04
Running HiGHS 1.15.1 (git hash: n/a): Copyright (c) 2026 under MIT licence terms
Includes third-party software components, see THIRD_PARTY_NOTICES.md for full details
Command line parsed using CLI11 2.5.0: Copyright (c) 2017-2025 University of Cincinnati
LP maros-r7 has 3136 rows; 9408 cols; 144848 nonzeros
Coefficient ranges:
  Matrix  [2e-03, 1e+00]
  Cost    [1e+00, 1e+00]
  Bound   [0e+00, 0e+00]
  RHS     [1e+00, 3e+04]
Presolving model
2152 rows, 7440 cols, 100486 nonzeros 0s
Dependent equations search running on 2152 equations with time limit of 1000.00s
Dependent equations search removed 0 rows and 0 nonzeros in 0.00s (limit = 1000.00s)
2152 rows, 6605 cols, 80194 nonzeros 0s
Presolve reductions: rows 2152(-984); columns 6605(-2803); nonzeros 80194(-64654) 
Solving the presolved LP
Using dual simplex solver
  Iteration        Objective     Infeasibilities num(sum)
          0     8.0359900000e+05 Pr: 2152(1.03012e+07) 0.1s
       2498     1.4971851665e+06 Pr: 0(0) 0.6s

Performed postsolve
Solving the original LP from the solution after postsolve

Model name          : maros-r7
Model status        : Optimal
Simplex   iterations: 2498
Objective value     :  1.4971851665e+06
P-D objective error :  6.9980492059e-16
HiGHS run time      :          0.60
Running HiGHS 1.15.1 (git hash: n/a): Copyright (c) 2026 under MIT licence terms
Includes third-party software components, see THIRD_PARTY_NOTICES.md for full details
Command line parsed using CLI11 2.5.0: Copyright (c) 2017-2025 University of Cincinnati
LP modszk1 has 687 rows; 1620 cols; 3168 nonzeros
Coefficient ranges:
  Matrix  [7e-04, 1e+00]
  Cost    [1e-01, 4e+03]
  Bound   [0e+00, 0e+00]
  RHS     [3e+04, 1e+05]
Presolving model
633 rows, 1553 cols, 3015 nonzeros 0s
Dependent equations search running on 545 equations with time limit of 1000.00s
Dependent equations search removed 0 rows and 0 nonzeros in 0.00s (limit = 1000.00s)
545 rows, 1465 cols, 2998 nonzeros 0s
Presolve reductions: rows 545(-142); columns 1465(-155); nonzeros 2998(-170) 
Solving the presolved LP
Using dual simplex solver
  Iteration        Objective     Infeasibilities num(sum)
          0     0.0000000000e+00 Pr: 14(67360.1) 0.0s
        539     3.2061972906e+02 Pr: 0(0) 0.0s

Performed postsolve
Solving the original LP from the solution after postsolve

Model name          : modszk1
Model status        : Optimal
Simplex   iterations: 539
Objective value     :  3.2061972906e+02
P-D objective error :  8.6100717058e-13
HiGHS run time      :          0.02
Running HiGHS 1.15.1 (git hash: n/a): Copyright (c) 2026 under MIT licence terms
Includes third-party software components, see THIRD_PARTY_NOTICES.md for full details
Command line parsed using CLI11 2.5.0: Copyright (c) 2017-2025 University of Cincinnati
LP nesm has 662 rows; 2923 cols; 13288 nonzeros
Coefficient ranges:
  Matrix  [1e-03, 3e+01]
  Cost    [5e-04, 1e+03]
  Bound   [6e-04, 1e+04]
  RHS     [6e-01, 6e+03]
Presolving model
654 rows, 2745 cols, 13067 nonzeros 0s
Dependent equations search running on 400 equations with time limit of 1000.00s
Dependent equations search removed 0 rows and 0 nonzeros in 0.00s (limit = 1000.00s)
527 rows, 2562 cols, 12901 nonzeros 0s
Presolve reductions: rows 527(-135); columns 2562(-361); nonzeros 12901(-387) 
Solving the presolved LP
Using dual simplex solver
  Iteration        Objective     Infeasibilities num(sum)
          0     7.3580326006e-01 Pr: 480(575690) 0.0s
       2627     1.4076036488e+07 Pr: 0(0); Du: 0(4.20361e-11) 0.2s
       2627     1.4076036488e+07 Pr: 0(0); Du: 0(4.20361e-11) 0.2s

Performed postsolve
Solving the original LP from the solution after postsolve

Model name          : nesm
Model status        : Optimal
Simplex   iterations: 2627
Objective value     :  1.4076036488e+07
P-D objective error :  4.2344762825e-15
HiGHS run time      :          0.17
Running HiGHS 1.15.1 (git hash: n/a): Copyright (c) 2026 under MIT licence terms
Includes third-party software components, see THIRD_PARTY_NOTICES.md for full details
Command line parsed using CLI11 2.5.0: Copyright (c) 2017-2025 University of Cincinnati
LP perold has 625 rows; 1376 cols; 6018 nonzeros
Coefficient ranges:
  Matrix  [5e-05, 2e+04]
  Cost    [1e+00, 1e+00]
  Bound   [7e-06, 6e+04]
  RHS     [8e-02, 4e+04]
WARNING: Problem has some excessively small column bounds
Presolving model
573 rows, 1242 cols, 5513 nonzeros 0s
Dependent equations search running on 363 equations with time limit of 1000.00s
Dependent equations search removed 0 rows and 0 nonzeros in 0.00s (limit = 1000.00s)
489 rows, 1133 cols, 5394 nonzeros 0s
Presolve reductions: rows 489(-136); columns 1133(-243); nonzeros 5394(-624) 
Solving the presolved LP
Using dual simplex solver
  Iteration        Objective     Infeasibilities num(sum)
          0    -1.6238670652e+01 Ph1: 199(2.41323e+06); Du: 7(16.2387) 0.0s
       1149    -9.3807552782e+03 Pr: 0(0) 0.1s

Performed postsolve
Solving the original LP from the solution after postsolve

Model name          : perold
Model status        : Optimal
Simplex   iterations: 1149
Objective value     : -9.3807552782e+03
P-D objective error :  5.6229887300e-15
HiGHS run time      :          0.06
Running HiGHS 1.15.1 (git hash: n/a): Copyright (c) 2026 under MIT licence terms
Includes third-party software components, see THIRD_PARTY_NOTICES.md for full details
Command line parsed using CLI11 2.5.0: Copyright (c) 2017-2025 University of Cincinnati
LP pilot has 1441 rows; 3652 cols; 43167 nonzeros
Coefficient ranges:
  Matrix  [1e-06, 1e+02]
  Cost    [2e-03, 3e-02]
  Bound   [1e-02, 2e+03]
  RHS     [5e-04, 6e+03]
Presolving model
1389 rows, 3370 cols, 40740 nonzeros 0s
Dependent equations search running on 89 equations with time limit of 1000.00s
Dependent equations search removed 0 rows and 0 nonzeros in 0.00s (limit = 1000.00s)
1155 rows, 3018 cols, 38598 nonzeros 0s
Presolve reductions: rows 1155(-286); columns 3018(-634); nonzeros 38598(-4569) 
Solving the presolved LP
Using dual simplex solver
  Iteration        Objective     Infeasibilities num(sum)
          0    -6.5744047876e+01 Ph1: 170(856.699); Du: 52(65.744) 0.0s
       5601    -5.5748972928e+02 Pr: 0(0); Du: 0(2.17359e-08) 1.2s
       5601    -5.5748972928e+02 Pr: 0(0); Du: 0(2.17359e-08) 1.2s

Performed postsolve
Solving the original LP from the solution after postsolve

Model name          : pilot
Model status        : Optimal
Simplex   iterations: 5601
Objective value     : -5.5748972928e+02
P-D objective error :  4.4823592597e-15
HiGHS run time      :          1.19
Running HiGHS 1.15.1 (git hash: n/a): Copyright (c) 2026 under MIT licence terms
Includes third-party software components, see THIRD_PARTY_NOTICES.md for full details
Command line parsed using CLI11 2.5.0: Copyright (c) 2017-2025 University of Cincinnati
Number of PL entries in BOUNDS section is 2
LP pilot4 has 410 rows; 1000 cols; 5141 nonzeros
Coefficient ranges:
  Matrix  [4e-05, 3e+04]
  Cost    [1e+00, 1e+00]
  Bound   [7e-06, 3e+04]
  RHS     [8e-02, 4e+04]
WARNING: Problem has some excessively small column bounds
Presolving model
378 rows, 906 cols, 4828 nonzeros 0s
Dependent equations search running on 207 equations with time limit of 1000.00s
Dependent equations search removed 0 rows and 0 nonzeros in 0.00s (limit = 1000.00s)
326 rows, 802 cols, 4655 nonzeros 0s
Presolve reductions: rows 326(-84); columns 802(-198); nonzeros 4655(-486) 
Solving the presolved LP
Using dual simplex solver
  Iteration        Objective     Infeasibilities num(sum)
          0    -1.3116542059e+01 Ph1: 193(3.71627e+06); Du: 4(13.1165) 0.0s
        684    -2.5811392589e+03 Pr: 0(0) 0.0s

Performed postsolve
Solving the original LP from the solution after postsolve

Model name          : pilot4
Model status        : Optimal
Simplex   iterations: 684
Objective value     : -2.5811392589e+03
P-D objective error :  3.5229348897e-16
HiGHS run time      :          0.03
Running HiGHS 1.15.1 (git hash: n/a): Copyright (c) 2026 under MIT licence terms
Includes third-party software components, see THIRD_PARTY_NOTICES.md for full details
Command line parsed using CLI11 2.5.0: Copyright (c) 2017-2025 University of Cincinnati
LP pilot87 has 2030 rows; 4883 cols; 73152 nonzeros
Coefficient ranges:
  Matrix  [1e-06, 1e+03]
  Cost    [1e-06, 3e+00]
  Bound   [2e-02, 2e+04]
  RHS     [1e-02, 6e+03]
WARNING: Problem has some excessively small costs
Presolving model
1980 rows, 4605 cols, 70440 nonzeros 0s
Dependent equations search running on 102 equations with time limit of 1000.00s
Dependent equations search removed 0 rows and 0 nonzeros in 0.00s (limit = 1000.00s)
1700 rows, 4310 cols, 69850 nonzeros 0s
Presolve reductions: rows 1700(-330); columns 4310(-573); nonzeros 69850(-3302) 
Solving the presolved LP
Using dual simplex solver
  Iteration        Objective     Infeasibilities num(sum)
          0    -1.9013963147e+01 Ph1: 609(60514.1); Du: 360(19.014) 0.0s
       8956     3.0171034734e+02 Pr: 0(0); Du: 0(5.3322e-11) 3.9s
       8956     3.0171034734e+02 Pr: 0(0); Du: 0(5.3322e-11) 3.9s

Performed postsolve
Solving the original LP from the solution after postsolve

Model name          : pilot87
Model status        : Optimal
Simplex   iterations: 8956
Objective value     :  3.0171034733e+02
P-D objective error :  1.4106917424e-15
HiGHS run time      :          3.97
Running HiGHS 1.15.1 (git hash: n/a): Copyright (c) 2026 under MIT licence terms
Includes third-party software components, see THIRD_PARTY_NOTICES.md for full details
Command line parsed using CLI11 2.5.0: Copyright (c) 2017-2025 University of Cincinnati
LP pilotnov has 975 rows; 2172 cols; 13057 nonzeros
Coefficient ranges:
  Matrix  [2e-06, 6e+06]
  Cost    [3e-03, 9e-01]
  Bound   [1e-05, 6e+04]
  RHS     [1e-05, 4e+04]
WARNING: Problem has some excessively small column bounds
WARNING: Problem has some excessively small row bounds
Presolving model
822 rows, 1854 cols, 11626 nonzeros 0s
Dependent equations search running on 483 equations with time limit of 1000.00s
Dependent equations search removed 0 rows and 0 nonzeros in 0.00s (limit = 1000.00s)
717 rows, 1734 cols, 11577 nonzeros 0s
Presolve reductions: rows 717(-258); columns 1734(-438); nonzeros 11577(-1480) 
Solving the presolved LP
Using dual simplex solver
  Iteration        Objective     Infeasibilities num(sum)
          0    -1.2793688315e+02 Ph1: 16(298.125); Du: 72(127.937) 0.0s
       2154    -4.4972761882e+03 Pr: 0(0) 0.2s

Performed postsolve
Solving the original LP from the solution after postsolve

Model name          : pilotnov
Model status        : Optimal
Simplex   iterations: 2154
Objective value     : -4.4972761882e+03
P-D objective error :  1.0110493094e-16
HiGHS run time      :          0.16
Running HiGHS 1.15.1 (git hash: n/a): Copyright (c) 2026 under MIT licence terms
Includes third-party software components, see THIRD_PARTY_NOTICES.md for full details
Command line parsed using CLI11 2.5.0: Copyright (c) 2017-2025 University of Cincinnati
LP recipe has 91 rows; 180 cols; 663 nonzeros
Coefficient ranges:
  Matrix  [1e-01, 1e+02]
  Cost    [1e-03, 2e+00]
  Bound   [2e+00, 5e+03]
  RHS     [0e+00, 0e+00]
Presolving model
67 rows, 130 cols, 560 nonzeros 0s
56 rows, 85 cols, 390 nonzeros 0s
41 rows, 70 cols, 276 nonzeros 0s
Dependent equations search running on 14 equations with time limit of 1000.00s
Dependent equations search removed 0 rows and 0 nonzeros in 0.00s (limit = 1000.00s)
35 rows, 58 cols, 258 nonzeros 0s
Presolve reductions: rows 35(-56); columns 58(-122); nonzeros 258(-405) 
Solving the presolved LP
Using dual simplex solver
  Iteration        Objective     Infeasibilities num(sum)
          0     0.0000000000e+00 Ph1: 0(0) 0.0s
         19    -2.6661600000e+02 Pr: 0(0) 0.0s

Performed postsolve
Solving the original LP from the solution after postsolve

Model name          : recipe
Model status        : Optimal
Simplex   iterations: 19
Objective value     : -2.6661600000e+02
P-D objective error :  6.3841273672e-16
HiGHS run time      :          0.00
Running HiGHS 1.15.1 (git hash: n/a): Copyright (c) 2026 under MIT licence terms
Includes third-party software components, see THIRD_PARTY_NOTICES.md for full details
Command line parsed using CLI11 2.5.0: Copyright (c) 2017-2025 University of Cincinnati
LP sc105 has 105 rows; 103 cols; 280 nonzeros
Coefficient ranges:
  Matrix  [1e-01, 2e+00]
  Cost    [1e+00, 1e+00]
  Bound   [0e+00, 0e+00]
  RHS     [1e+02, 2e+02]
Presolving model
83 rows, 82 cols, 230 nonzeros 0s
57 rows, 56 cols, 182 nonzeros 0s
44 rows, 43 cols, 172 nonzeros 0s
36 rows, 35 cols, 164 nonzeros 0s
Dependent equations search running on 2 equations with time limit of 1000.00s
Dependent equations search removed 0 rows and 0 nonzeros in 0.00s (limit = 1000.00s)
34 rows, 33 cols, 170 nonzeros 0s
Presolve reductions: rows 34(-71); columns 33(-70); nonzeros 170(-110) 
Solving the presolved LP
Using dual simplex solver
  Iteration        Objective     Infeasibilities num(sum)
          0    -2.1081083452e-01 Ph1: 10(10.0306); Du: 1(0.210811) 0.0s
         37    -5.2202061212e+01 Pr: 0(0) 0.0s

Performed postsolve
Solving the original LP from the solution after postsolve

Model name          : sc105
Model status        : Optimal
Simplex   iterations: 37
Objective value     : -5.2202061212e+01
P-D objective error :  0.0000000000e+00
HiGHS run time      :          0.00
Running HiGHS 1.15.1 (git hash: n/a): Copyright (c) 2026 under MIT licence terms
Includes third-party software components, see THIRD_PARTY_NOTICES.md for full details
Command line parsed using CLI11 2.5.0: Copyright (c) 2017-2025 University of Cincinnati
LP sc205 has 205 rows; 203 cols; 551 nonzeros
Coefficient ranges:
  Matrix  [1e-01, 2e+00]
  Cost    [1e+00, 1e+00]
  Bound   [0e+00, 0e+00]
  RHS     [1e+02, 2e+02]
Presolving model
164 rows, 163 cols, 455 nonzeros 0s
118 rows, 117 cols, 371 nonzeros 0s
93 rows, 92 cols, 347 nonzeros 0s
74 rows, 73 cols, 320 nonzeros 0s
Dependent equations search running on 8 equations with time limit of 1000.00s
Dependent equations search removed 0 rows and 0 nonzeros in 0.00s (limit = 1000.00s)
67 rows, 66 cols, 342 nonzeros 0s
Presolve reductions: rows 67(-138); columns 66(-137); nonzeros 342(-209) 
Solving the presolved LP
Using dual simplex solver
  Iteration        Objective     Infeasibilities num(sum)
          0    -3.5088325789e-01 Ph1: 19(29.4808); Du: 1(0.350883) 0.0s
         88    -5.2202061212e+01 Pr: 0(0) 0.0s

Performed postsolve
Solving the original LP from the solution after postsolve

Model name          : sc205
Model status        : Optimal
Simplex   iterations: 88
Objective value     : -5.2202061212e+01
P-D objective error :  1.3482257039e-16
HiGHS run time      :          0.00
Running HiGHS 1.15.1 (git hash: n/a): Copyright (c) 2026 under MIT licence terms
Includes third-party software components, see THIRD_PARTY_NOTICES.md for full details
Command line parsed using CLI11 2.5.0: Copyright (c) 2017-2025 University of Cincinnati
LP sc50a has 50 rows; 48 cols; 130 nonzeros
Coefficient ranges:
  Matrix  [1e-01, 2e+00]
  Cost    [1e+00, 1e+00]
  Bound   [0e+00, 0e+00]
  RHS     [1e+02, 2e+02]
Presolving model
38 rows, 37 cols, 105 nonzeros 0s
27 rows, 26 cols, 84 nonzeros 0s
20 rows, 19 cols, 78 nonzeros 0s
17 rows, 16 cols, 78 nonzeros 0s
17 rows, 16 cols, 78 nonzeros 0s
Presolve reductions: rows 17(-33); columns 16(-32); nonzeros 78(-52) 
Solving the presolved LP
Using dual simplex solver
  Iteration        Objective     Infeasibilities num(sum)
          0    -4.3094112416e-01 Ph1: 5(3.3646); Du: 1(0.430941) 0.0s
         18    -6.4575077059e+01 Pr: 0(0) 0.0s

Performed postsolve
Solving the original LP from the solution after postsolve

Model name          : sc50a
Model status        : Optimal
Simplex   iterations: 18
Objective value     : -6.4575077059e+01
P-D objective error :  1.0918815127e-16
HiGHS run time      :          0.00
Running HiGHS 1.15.1 (git hash: n/a): Copyright (c) 2026 under MIT licence terms
Includes third-party software components, see THIRD_PARTY_NOTICES.md for full details
Command line parsed using CLI11 2.5.0: Copyright (c) 2017-2025 University of Cincinnati
LP sc50b has 50 rows; 48 cols; 118 nonzeros
Coefficient ranges:
  Matrix  [3e-01, 3e+00]
  Cost    [1e+00, 1e+00]
  Bound   [0e+00, 0e+00]
  RHS     [3e+02, 3e+02]
Presolving model
37 rows, 37 cols, 93 nonzeros 0s
23 rows, 23 cols, 65 nonzeros 0s
17 rows, 17 cols, 60 nonzeros 0s
Dependent equations search running on 1 equations with time limit of 1000.00s
Dependent equations search removed 0 rows and 0 nonzeros in 0.00s (limit = 1000.00s)
15 rows, 15 cols, 62 nonzeros 0s
Presolve reductions: rows 15(-35); columns 15(-33); nonzeros 62(-56) 
Solving the presolved LP
Using dual simplex solver
  Iteration        Objective     Infeasibilities num(sum)
          0    -8.6188230293e-01 Ph1: 10(13.6343); Du: 1(0.861882) 0.0s
         18    -7.0000000000e+01 Pr: 0(0) 0.0s

Performed postsolve
Solving the original LP from the solution after postsolve

Model name          : sc50b
Model status        : Optimal
Simplex   iterations: 18
Objective value     : -7.0000000000e+01
P-D objective error :  0.0000000000e+00
HiGHS run time      :          0.00
Running HiGHS 1.15.1 (git hash: n/a): Copyright (c) 2026 under MIT licence terms
Includes third-party software components, see THIRD_PARTY_NOTICES.md for full details
Command line parsed using CLI11 2.5.0: Copyright (c) 2017-2025 University of Cincinnati
LP scagr25 has 471 rows; 500 cols; 1554 nonzeros
Coefficient ranges:
  Matrix  [2e-01, 9e+00]
  Cost    [4e-01, 7e+02]
  Bound   [0e+00, 0e+00]
  RHS     [9e+01, 7e+03]
Presolving model
266 rows, 417 cols, 1160 nonzeros 0s
Dependent equations search running on 170 equations with time limit of 1000.00s
Dependent equations search removed 0 rows and 0 nonzeros in 0.00s (limit = 1000.00s)
218 rows, 368 cols, 1260 nonzeros 0s
Presolve reductions: rows 218(-253); columns 368(-132); nonzeros 1260(-294) 
Solving the presolved LP
Using dual simplex solver
  Iteration        Objective     Infeasibilities num(sum)
          0    -3.7676179916e+04 Ph1: 157(611.005); Du: 99(37676.2) 0.0s
        338    -1.4753433061e+07 Pr: 0(0) 0.0s

Performed postsolve
Solving the original LP from the solution after postsolve

Model name          : scagr25
Model status        : Optimal
Simplex   iterations: 338
Objective value     : -1.4753433061e+07
P-D objective error :  1.2625163773e-16
HiGHS run time      :          0.01
Running HiGHS 1.15.1 (git hash: n/a): Copyright (c) 2026 under MIT licence terms
Includes third-party software components, see THIRD_PARTY_NOTICES.md for full details
Command line parsed using CLI11 2.5.0: Copyright (c) 2017-2025 University of Cincinnati
LP scagr7 has 129 rows; 140 cols; 420 nonzeros
Coefficient ranges:
  Matrix  [2e-01, 9e+00]
  Cost    [4e-01, 7e+02]
  Bound   [0e+00, 0e+00]
  RHS     [9e+01, 7e+03]
Presolving model
68 rows, 111 cols, 296 nonzeros 0s
Dependent equations search running on 45 equations with time limit of 1000.00s
Dependent equations search removed 0 rows and 0 nonzeros in 0.00s (limit = 1000.00s)
57 rows, 99 cols, 308 nonzeros 0s
Presolve reductions: rows 57(-72); columns 99(-41); nonzeros 308(-112) 
Solving the presolved LP
Using dual simplex solver
  Iteration        Objective     Infeasibilities num(sum)
          0    -1.0419039428e+04 Ph1: 38(121.259); Du: 22(10419) 0.0s
        104    -2.3313898243e+06 Pr: 0(0) 0.0s

Performed postsolve
Solving the original LP from the solution after postsolve

Model name          : scagr7
Model status        : Optimal
Simplex   iterations: 104
Objective value     : -2.3313898243e+06
P-D objective error :  9.9867723231e-17
HiGHS run time      :          0.00
Running HiGHS 1.15.1 (git hash: n/a): Copyright (c) 2026 under MIT licence terms
Includes third-party software components, see THIRD_PARTY_NOTICES.md for full details
Command line parsed using CLI11 2.5.0: Copyright (c) 2017-2025 University of Cincinnati
LP scfxm1 has 330 rows; 457 cols; 2589 nonzeros
Coefficient ranges:
  Matrix  [5e-04, 1e+02]
  Cost    [1e+00, 1e+01]
  Bound   [0e+00, 0e+00]
  RHS     [8e-01, 2e+03]
Presolving model
263 rows, 419 cols, 2261 nonzeros 0s
Dependent equations search running on 120 equations with time limit of 1000.00s
Dependent equations search removed 0 rows and 0 nonzeros in 0.00s (limit = 1000.00s)
224 rows, 376 cols, 2221 nonzeros 0s
Presolve reductions: rows 224(-106); columns 376(-81); nonzeros 2221(-368) 
Solving the presolved LP
Using dual simplex solver
  Iteration        Objective     Infeasibilities num(sum)
          0    -4.2787412252e+01 Ph1: 85(8964.82); Du: 22(42.7874) 0.0s
        375     1.8416759028e+04 Pr: 0(0) 0.0s

Performed postsolve
Solving the original LP from the solution after postsolve

Model name          : scfxm1
Model status        : Optimal
Simplex   iterations: 375
Objective value     :  1.8416759028e+04
P-D objective error :  0.0000000000e+00
HiGHS run time      :          0.01
Running HiGHS 1.15.1 (git hash: n/a): Copyright (c) 2026 under MIT licence terms
Includes third-party software components, see THIRD_PARTY_NOTICES.md for full details
Command line parsed using CLI11 2.5.0: Copyright (c) 2017-2025 University of Cincinnati
LP scfxm2 has 660 rows; 914 cols; 5183 nonzeros
Coefficient ranges:
  Matrix  [5e-04, 1e+02]
  Cost    [1e+00, 1e+01]
  Bound   [0e+00, 0e+00]
  RHS     [8e-01, 2e+03]
Presolving model
526 rows, 838 cols, 4527 nonzeros 0s
Dependent equations search running on 260 equations with time limit of 1000.00s
Dependent equations search removed 0 rows and 0 nonzeros in 0.00s (limit = 1000.00s)
468 rows, 772 cols, 4431 nonzeros 0s
Presolve reductions: rows 468(-192); columns 772(-142); nonzeros 4431(-752) 
Solving the presolved LP
Using dual simplex solver
  Iteration        Objective     Infeasibilities num(sum)
          0    -2.8832936573e+01 Ph1: 78(18842.1); Du: 28(28.8329) 0.0s
        791     3.6660261565e+04 Pr: 0(0) 0.0s

Performed postsolve
Solving the original LP from the solution after postsolve

Model name          : scfxm2
Model status        : Optimal
Simplex   iterations: 791
Objective value     :  3.6660261565e+04
P-D objective error :  9.9233585223e-17
HiGHS run time      :          0.02
Running HiGHS 1.15.1 (git hash: n/a): Copyright (c) 2026 under MIT licence terms
Includes third-party software components, see THIRD_PARTY_NOTICES.md for full details
Command line parsed using CLI11 2.5.0: Copyright (c) 2017-2025 University of Cincinnati
LP scfxm3 has 990 rows; 1371 cols; 7777 nonzeros
Coefficient ranges:
  Matrix  [5e-04, 1e+02]
  Cost    [1e+00, 1e+01]
  Bound   [0e+00, 0e+00]
  RHS     [8e-01, 2e+03]
Presolving model
789 rows, 1257 cols, 6793 nonzeros 0s
Dependent equations search running on 391 equations with time limit of 1000.00s
Dependent equations search removed 0 rows and 0 nonzeros in 0.00s (limit = 1000.00s)
703 rows, 1159 cols, 6658 nonzeros 0s
Presolve reductions: rows 703(-287); columns 1159(-212); nonzeros 6658(-1119) 
Solving the presolved LP
Using dual simplex solver
  Iteration        Objective     Infeasibilities num(sum)
          0    -4.2934451489e+01 Ph1: 117(27373.5); Du: 42(42.9345) 0.0s
       1167     5.4901254550e+04 Pr: 0(0) 0.0s

Performed postsolve
Solving the original LP from the solution after postsolve

Model name          : scfxm3
Model status        : Optimal
Simplex   iterations: 1167
Objective value     :  5.4901254550e+04
P-D objective error :  5.3010747462e-16
HiGHS run time      :          0.03
Running HiGHS 1.15.1 (git hash: n/a): Copyright (c) 2026 under MIT licence terms
Includes third-party software components, see THIRD_PARTY_NOTICES.md for full details
Command line parsed using CLI11 2.5.0: Copyright (c) 2017-2025 University of Cincinnati
LP scorpion has 388 rows; 358 cols; 1426 nonzeros
Coefficient ranges:
  Matrix  [1e-02, 1e+00]
  Cost    [6e-02, 2e+02]
  Bound   [0e+00, 0e+00]
  RHS     [2e-03, 1e+00]
Presolving model
244 rows, 258 cols, 1122 nonzeros 0s
149 rows, 158 cols, 773 nonzeros 0s
91 rows, 111 cols, 534 nonzeros 0s
Dependent equations search running on 48 equations with time limit of 1000.00s
Dependent equations search removed 6 rows and 30 nonzeros in 0.00s (limit = 1000.00s)
69 rows, 101 cols, 449 nonzeros 0s
69 rows, 101 cols, 449 nonzeros 0s
Presolve reductions: rows 69(-319); columns 101(-257); nonzeros 449(-977) 
Solving the presolved LP
Using dual simplex solver
  Iteration        Objective     Infeasibilities num(sum)
          0    -6.0598780725e+00 Ph1: 29(57.0191); Du: 6(6.05988) 0.0s
         78     1.8781248227e+03 Pr: 0(0) 0.0s

Performed postsolve
Solving the original LP from the solution after postsolve

Model name          : scorpion
Model status        : Optimal
Simplex   iterations: 78
Objective value     :  1.8781248227e+03
P-D objective error :  1.8154796479e-16
HiGHS run time      :          0.00
Running HiGHS 1.15.1 (git hash: n/a): Copyright (c) 2026 under MIT licence terms
Includes third-party software components, see THIRD_PARTY_NOTICES.md for full details
Command line parsed using CLI11 2.5.0: Copyright (c) 2017-2025 University of Cincinnati
LP scrs8 has 490 rows; 1169 cols; 3182 nonzeros
Coefficient ranges:
  Matrix  [1e-03, 4e+02]
  Cost    [2e-04, 5e+03]
  Bound   [0e+00, 0e+00]
  RHS     [1e-02, 4e+01]
Presolving model
428 rows, 1111 cols, 2982 nonzeros 0s
219 rows, 890 cols, 2653 nonzeros 0s
135 rows, 798 cols, 2556 nonzeros 0s
Dependent equations search running on 41 equations with time limit of 1000.00s
Dependent equations search removed 0 rows and 0 nonzeros in 0.00s (limit = 1000.00s)
120 rows, 783 cols, 2447 nonzeros 0s
Presolve reductions: rows 120(-370); columns 783(-386); nonzeros 2447(-735) 
Solving the presolved LP
Using dual simplex solver
  Iteration        Objective     Infeasibilities num(sum)
          0    -2.6140838579e+02 Ph1: 61(1264); Du: 256(261.408) 0.0s
        361     9.0429695380e+02 Pr: 0(0) 0.0s

Performed postsolve
Solving the original LP from the solution after postsolve

Model name          : scrs8
Model status        : Optimal
Simplex   iterations: 361
Objective value     :  9.0429695380e+02
P-D objective error :  3.1412251457e-16
HiGHS run time      :          0.01
Running HiGHS 1.15.1 (git hash: n/a): Copyright (c) 2026 under MIT licence terms
Includes third-party software components, see THIRD_PARTY_NOTICES.md for full details
Command line parsed using CLI11 2.5.0: Copyright (c) 2017-2025 University of Cincinnati
LP scsd1 has 77 rows; 760 cols; 2388 nonzeros
Coefficient ranges:
  Matrix  [2e-01, 1e+00]
  Cost    [1e+00, 5e+00]
  Bound   [0e+00, 0e+00]
  RHS     [1e+00, 1e+00]
Presolving model
77 rows, 760 cols, 2388 nonzeros 0s
Dependent equations search running on 77 equations with time limit of 1000.00s
Dependent equations search removed 0 rows and 0 nonzeros in 0.00s (limit = 1000.00s)
77 rows, 760 cols, 2388 nonzeros 0s
Presolve reductions: rows 77(-0); columns 760(-0); nonzeros 2388(-0) - Not reduced
Problem not reduced by presolve: solving the LP
Using dual simplex solver
  Iteration        Objective     Infeasibilities num(sum)
          0     0.0000000000e+00 Pr: 1(1) 0.0s
         97     8.6666666743e+00 Pr: 0(0); Du: 0(2.00007e-08) 0.0s

Model name          : scsd1
Model status        : Optimal
Simplex   iterations: 97
Objective value     :  8.6666666743e+00
P-D objective error :  5.8135314695e-16
HiGHS run time      :          0.00
Running HiGHS 1.15.1 (git hash: n/a): Copyright (c) 2026 under MIT licence terms
Includes third-party software components, see THIRD_PARTY_NOTICES.md for full details
Command line parsed using CLI11 2.5.0: Copyright (c) 2017-2025 University of Cincinnati
LP scsd6 has 147 rows; 1350 cols; 4316 nonzeros
Coefficient ranges:
  Matrix  [2e-01, 1e+00]
  Cost    [1e+00, 4e+00]
  Bound   [0e+00, 0e+00]
  RHS     [2e-01, 1e+00]
Presolving model
147 rows, 1350 cols, 4316 nonzeros 0s
Dependent equations search running on 147 equations with time limit of 1000.00s
Dependent equations search removed 0 rows and 0 nonzeros in 0.00s (limit = 1000.00s)
147 rows, 1350 cols, 4316 nonzeros 0s
Presolve reductions: rows 147(-0); columns 1350(-0); nonzeros 4316(-0) - Not reduced
Problem not reduced by presolve: solving the LP
Using dual simplex solver
  Iteration        Objective     Infeasibilities num(sum)
          0     0.0000000000e+00 Pr: 9(5.25) 0.0s
        269     5.0500000078e+01 Pr: 0(0); Du: 0(2.52157e-07) 0.0s

Model name          : scsd6
Model status        : Optimal
Simplex   iterations: 269
Objective value     :  5.0500000078e+01
P-D objective error :  4.1796631451e-16
HiGHS run time      :          0.01
Running HiGHS 1.15.1 (git hash: n/a): Copyright (c) 2026 under MIT licence terms
Includes third-party software components, see THIRD_PARTY_NOTICES.md for full details
Command line parsed using CLI11 2.5.0: Copyright (c) 2017-2025 University of Cincinnati
LP scsd8 has 397 rows; 2750 cols; 8584 nonzeros
Coefficient ranges:
  Matrix  [2e-01, 1e+00]
  Cost    [1e+00, 4e+00]
  Bound   [0e+00, 0e+00]
  RHS     [1e+00, 5e+00]
Presolving model
397 rows, 2750 cols, 8584 nonzeros 0s
Dependent equations search running on 397 equations with time limit of 1000.00s
Dependent equations search removed 0 rows and 0 nonzeros in 0.00s (limit = 1000.00s)
397 rows, 2750 cols, 8584 nonzeros 0s
Presolve reductions: rows 397(-0); columns 2750(-0); nonzeros 8584(-0) - Not reduced
Problem not reduced by presolve: solving the LP
Using dual simplex solver
  Iteration        Objective     Infeasibilities num(sum)
          0     0.0000000000e+00 Pr: 15(45) 0.0s
       1054     9.0499999993e+02 Pr: 0(0); Du: 0(2.12985e-12) 0.0s

Model name          : scsd8
Model status        : Optimal
Simplex   iterations: 1054
Objective value     :  9.0499999993e+02
P-D objective error :  1.8832717460e-16
HiGHS run time      :          0.04
Running HiGHS 1.15.1 (git hash: n/a): Copyright (c) 2026 under MIT licence terms
Includes third-party software components, see THIRD_PARTY_NOTICES.md for full details
Command line parsed using CLI11 2.5.0: Copyright (c) 2017-2025 University of Cincinnati
LP sctap1 has 300 rows; 480 cols; 1692 nonzeros
Coefficient ranges:
  Matrix  [1e+00, 8e+01]
  Cost    [1e+00, 8e+01]
  Bound   [0e+00, 0e+00]
  RHS     [1e+00, 4e+01]
Presolving model
278 rows, 455 cols, 1584 nonzeros 0s
Dependent equations search running on 113 equations with time limit of 1000.00s
Dependent equations search removed 0 rows and 0 nonzeros in 0.00s (limit = 1000.00s)
269 rows, 452 cols, 1557 nonzeros 0s
Presolve reductions: rows 269(-31); columns 452(-28); nonzeros 1557(-135) 
Solving the presolved LP
Using dual simplex solver
  Iteration        Objective     Infeasibilities num(sum)
          0     0.0000000000e+00 Pr: 147(859.875) 0.0s
        323     1.4122500000e+03 Pr: 0(0); Du: 0(1.33227e-13) 0.0s

Performed postsolve
Solving the original LP from the solution after postsolve

Model name          : sctap1
Model status        : Optimal
Simplex   iterations: 323
Objective value     :  1.4122500000e+03
P-D objective error :  0.0000000000e+00
HiGHS run time      :          0.01
Running HiGHS 1.15.1 (git hash: n/a): Copyright (c) 2026 under MIT licence terms
Includes third-party software components, see THIRD_PARTY_NOTICES.md for full details
Command line parsed using CLI11 2.5.0: Copyright (c) 2017-2025 University of Cincinnati
LP sctap2 has 1090 rows; 1880 cols; 6714 nonzeros
Coefficient ranges:
  Matrix  [1e+00, 8e+01]
  Cost    [1e+00, 8e+01]
  Bound   [0e+00, 0e+00]
  RHS     [1e+00, 5e+01]
Presolving model
1005 rows, 1768 cols, 6243 nonzeros 0s
Dependent equations search running on 442 equations with time limit of 1000.00s
Dependent equations search removed 0 rows and 0 nonzeros in 0.00s (limit = 1000.00s)
977 rows, 1768 cols, 6159 nonzeros 0s
Presolve reductions: rows 977(-113); columns 1768(-112); nonzeros 6159(-555) 
Solving the presolved LP
Using dual simplex solver
  Iteration        Objective     Infeasibilities num(sum)
          0     0.0000000000e+00 Pr: 493(3024) 0.0s
        746     1.7248071429e+03 Pr: 0(0); Du: 0(1.90958e-14) 0.0s

Performed postsolve
Solving the original LP from the solution after postsolve

Model name          : sctap2
Model status        : Optimal
Simplex   iterations: 746
Objective value     :  1.7248071429e+03
P-D objective error :  0.0000000000e+00
HiGHS run time      :          0.01
Running HiGHS 1.15.1 (git hash: n/a): Copyright (c) 2026 under MIT licence terms
Includes third-party software components, see THIRD_PARTY_NOTICES.md for full details
Command line parsed using CLI11 2.5.0: Copyright (c) 2017-2025 University of Cincinnati
LP sctap3 has 1480 rows; 2480 cols; 8874 nonzeros
Coefficient ranges:
  Matrix  [1e+00, 8e+01]
  Cost    [1e+00, 8e+01]
  Bound   [0e+00, 0e+00]
  RHS     [1e+00, 5e+01]
Presolving model
1377 rows, 2356 cols, 8322 nonzeros 0s
Dependent equations search running on 589 equations with time limit of 1000.00s
Dependent equations search removed 0 rows and 0 nonzeros in 0.00s (limit = 1000.00s)
1344 rows, 2356 cols, 8219 nonzeros 0s
Presolve reductions: rows 1344(-136); columns 2356(-124); nonzeros 8219(-655) 
Solving the presolved LP
Using dual simplex solver
  Iteration        Objective     Infeasibilities num(sum)
          0     0.0000000000e+00 Pr: 651(3583.38) 0.0s
        974     1.4240000000e+03 Pr: 0(0); Du: 0(9.01501e-14) 0.0s

Performed postsolve
Solving the original LP from the solution after postsolve

Model name          : sctap3
Model status        : Optimal
Simplex   iterations: 974
Objective value     :  1.4240000000e+03
P-D objective error :  0.0000000000e+00
HiGHS run time      :          0.02
Running HiGHS 1.15.1 (git hash: n/a): Copyright (c) 2026 under MIT licence terms
Includes third-party software components, see THIRD_PARTY_NOTICES.md for full details
Command line parsed using CLI11 2.5.0: Copyright (c) 2017-2025 University of Cincinnati
LP seba has 515 rows; 1028 cols; 4352 nonzeros
Coefficient ranges:
  Matrix  [1e+00, 2e+02]
  Cost    [2e-03, 5e+02]
  Bound   [3e-02, 1e+03]
  RHS     [2e+00, 9e+01]
Presolving model
452 rows, 567 cols, 3777 nonzeros 0s
76 rows, 157 cols, 493 nonzeros 0s
3 rows, 9 cols, 15 nonzeros 0s
2 rows, 8 cols, 11 nonzeros 0s
Dependent equations search running on 1 equations with time limit of 1000.00s
Dependent equations search removed 0 rows and 0 nonzeros in 0.00s (limit = 1000.00s)
2 rows, 8 cols, 11 nonzeros 0s
Presolve reductions: rows 2(-513); columns 8(-1020); nonzeros 11(-4341) 
Solving the presolved LP
Using dual simplex solver
  Iteration        Objective     Infeasibilities num(sum)
          0     1.0677338358e+04 Pr: 2(51.5) 0.0s
          1     1.5711600000e+04 Pr: 0(0) 0.0s

Performed postsolve
Solving the original LP from the solution after postsolve

Model name          : seba
Model status        : Optimal
Simplex   iterations: 1
Objective value     :  1.5711600000e+04
P-D objective error :  5.7884986843e-17
HiGHS run time      :          0.00
Running HiGHS 1.15.1 (git hash: n/a): Copyright (c) 2026 under MIT licence terms
Includes third-party software components, see THIRD_PARTY_NOTICES.md for full details
Command line parsed using CLI11 2.5.0: Copyright (c) 2017-2025 University of Cincinnati
LP share1b has 117 rows; 225 cols; 1151 nonzeros
Coefficient ranges:
  Matrix  [1e-01, 1e+03]
  Cost    [2e-03, 1e+02]
  Bound   [0e+00, 0e+00]
  RHS     [1e-04, 3e+03]
Presolving model
98 rows, 208 cols, 1094 nonzeros 0s
Dependent equations search running on 66 equations with time limit of 1000.00s
Dependent equations search removed 0 rows and 0 nonzeros in 0.00s (limit = 1000.00s)
92 rows, 202 cols, 1049 nonzeros 0s
Presolve reductions: rows 92(-25); columns 202(-23); nonzeros 1049(-102) 
Solving the presolved LP
Using dual simplex solver
  Iteration        Objective     Infeasibilities num(sum)
          0    -6.5999390531e+00 Ph1: 42(96.3641); Du: 6(6.59994) 0.0s
        160    -7.6589318579e+04 Pr: 0(0) 0.0s

Performed postsolve
Solving the original LP from the solution after postsolve

Model name          : share1b
Model status        : Optimal
Simplex   iterations: 160
Objective value     : -7.6589318579e+04
P-D objective error :  5.6999411273e-16
HiGHS run time      :          0.00
Running HiGHS 1.15.1 (git hash: n/a): Copyright (c) 2026 under MIT licence terms
Includes third-party software components, see THIRD_PARTY_NOTICES.md for full details
Command line parsed using CLI11 2.5.0: Copyright (c) 2017-2025 University of Cincinnati
LP share2b has 96 rows; 79 cols; 694 nonzeros
Coefficient ranges:
  Matrix  [1e-02, 1e+02]
  Cost    [3e-02, 4e+00]
  Bound   [0e+00, 0e+00]
  RHS     [1e+00, 2e+01]
Presolving model
93 rows, 79 cols, 691 nonzeros 0s
Dependent equations search running on 6 equations with time limit of 1000.00s
Dependent equations search removed 0 rows and 0 nonzeros in 0.00s (limit = 1000.00s)
86 rows, 72 cols, 723 nonzeros 0s
Presolve reductions: rows 86(-10); columns 72(-7); nonzeros 723(+29) 
Solving the presolved LP
Using dual simplex solver
  Iteration        Objective     Infeasibilities num(sum)
          0    -2.7509910751e+01 Ph1: 54(76.2916); Du: 15(27.5099) 0.0s
         99    -4.1573224074e+02 Pr: 0(0); Du: 0(6.66134e-16) 0.0s

Performed postsolve
Solving the original LP from the solution after postsolve

Model name          : share2b
Model status        : Optimal
Simplex   iterations: 99
Objective value     : -4.1573224074e+02
P-D objective error :  2.2533487784e-15
HiGHS run time      :          0.00
Running HiGHS 1.15.1 (git hash: n/a): Copyright (c) 2026 under MIT licence terms
Includes third-party software components, see THIRD_PARTY_NOTICES.md for full details
Command line parsed using CLI11 2.5.0: Copyright (c) 2017-2025 University of Cincinnati
LP shell has 536 rows; 1775 cols; 3556 nonzeros
Coefficient ranges:
  Matrix  [1e+00, 1e+00]
  Cost    [1e+00, 4e+03]
  Bound   [6e+00, 5e+05]
  RHS     [4e+04, 5e+04]
Presolving model
441 rows, 1430 cols, 2866 nonzeros 0s
252 rows, 1241 cols, 2478 nonzeros 0s
Dependent equations search running on 228 equations with time limit of 1000.00s
Dependent equations search removed 1 rows and 8 nonzeros in 0.00s (limit = 1000.00s)
229 rows, 1142 cols, 2282 nonzeros 0s
Presolve reductions: rows 229(-307); columns 1142(-633); nonzeros 2282(-1274) 
Solving the presolved LP
Using dual simplex solver
  Iteration        Objective     Infeasibilities num(sum)
          0    -4.5999729537e+02 Ph1: 14(20); Du: 10(459.997) 0.0s
        325     1.2088253460e+09 Pr: 0(0) 0.0s

Performed postsolve
Solving the original LP from the solution after postsolve

Model name          : shell
Model status        : Optimal
Simplex   iterations: 325
Objective value     :  1.2088253460e+09
P-D objective error :  0.0000000000e+00
HiGHS run time      :          0.01
Running HiGHS 1.15.1 (git hash: n/a): Copyright (c) 2026 under MIT licence terms
Includes third-party software components, see THIRD_PARTY_NOTICES.md for full details
Command line parsed using CLI11 2.5.0: Copyright (c) 2017-2025 University of Cincinnati
LP ship04l has 402 rows; 2118 cols; 6332 nonzeros
Coefficient ranges:
  Matrix  [1e-02, 5e+00]
  Cost    [1e+01, 7e+03]
  Bound   [0e+00, 0e+00]
  RHS     [3e-02, 1e+02]
Presolving model
288 rows, 1886 cols, 4267 nonzeros 0s
Dependent equations search running on 273 equations with time limit of 1000.00s
Dependent equations search removed 0 rows and 0 nonzeros in 0.00s (limit = 1000.00s)
288 rows, 1886 cols, 4267 nonzeros 0s
Presolve reductions: rows 288(-114); columns 1886(-232); nonzeros 4267(-2065) 
Solving the presolved LP
Using dual simplex solver
  Iteration        Objective     Infeasibilities num(sum)
          0     0.0000000000e+00 Ph1: 0(0) 0.0s
        380     1.7933245380e+06 Pr: 0(0); Du: 0(3.41061e-13) 0.0s

Performed postsolve
Solving the original LP from the solution after postsolve

Model name          : ship04l
Model status        : Optimal
Simplex   iterations: 380
Objective value     :  1.7933245380e+06
P-D objective error :  0.0000000000e+00
HiGHS run time      :          0.01
Running HiGHS 1.15.1 (git hash: n/a): Copyright (c) 2026 under MIT licence terms
Includes third-party software components, see THIRD_PARTY_NOTICES.md for full details
Command line parsed using CLI11 2.5.0: Copyright (c) 2017-2025 University of Cincinnati
LP ship04s has 402 rows; 1458 cols; 4352 nonzeros
Coefficient ranges:
  Matrix  [1e-02, 5e+00]
  Cost    [1e+01, 7e+03]
  Bound   [0e+00, 0e+00]
  RHS     [3e-02, 1e+02]
Presolving model
188 rows, 1238 cols, 2804 nonzeros 0s
Dependent equations search running on 173 equations with time limit of 1000.00s
Dependent equations search removed 0 rows and 0 nonzeros in 0.00s (limit = 1000.00s)
188 rows, 1238 cols, 2804 nonzeros 0s
Presolve reductions: rows 188(-214); columns 1238(-220); nonzeros 2804(-1548) 
Solving the presolved LP
Using dual simplex solver
  Iteration        Objective     Infeasibilities num(sum)
          0     0.0000000000e+00 Ph1: 0(0) 0.0s
        264     1.7987147004e+06 Pr: 0(0); Du: 0(2.27374e-13) 0.0s

Performed postsolve
Solving the original LP from the solution after postsolve

Model name          : ship04s
Model status        : Optimal
Simplex   iterations: 264
Objective value     :  1.7987147004e+06
P-D objective error :  6.4721375456e-17
HiGHS run time      :          0.01
Running HiGHS 1.15.1 (git hash: n/a): Copyright (c) 2026 under MIT licence terms
Includes third-party software components, see THIRD_PARTY_NOTICES.md for full details
Command line parsed using CLI11 2.5.0: Copyright (c) 2017-2025 University of Cincinnati
LP ship08l has 778 rows; 4283 cols; 12802 nonzeros
Coefficient ranges:
  Matrix  [1e-02, 5e+00]
  Cost    [2e+01, 8e+03]
  Bound   [0e+00, 0e+00]
  RHS     [2e-02, 1e+02]
Presolving model
470 rows, 3099 cols, 7100 nonzeros 0s
Dependent equations search running on 448 equations with time limit of 1000.00s
Dependent equations search removed 0 rows and 0 nonzeros in 0.00s (limit = 1000.00s)
470 rows, 3099 cols, 7100 nonzeros 0s
Presolve reductions: rows 470(-308); columns 3099(-1184); nonzeros 7100(-5702) 
Solving the presolved LP
Using dual simplex solver
  Iteration        Objective     Infeasibilities num(sum)
          0     1.7157920339e+03 Pr: 405(197.648) 0.0s
        670     1.9090552114e+06 Pr: 0(0) 0.0s

Performed postsolve
Solving the original LP from the solution after postsolve

Model name          : ship08l
Model status        : Optimal
Simplex   iterations: 670
Objective value     :  1.9090552114e+06
P-D objective error :  1.8294173575e-16
HiGHS run time      :          0.02
Running HiGHS 1.15.1 (git hash: n/a): Copyright (c) 2026 under MIT licence terms
Includes third-party software components, see THIRD_PARTY_NOTICES.md for full details
Command line parsed using CLI11 2.5.0: Copyright (c) 2017-2025 University of Cincinnati
LP ship08s has 778 rows; 2387 cols; 7114 nonzeros
Coefficient ranges:
  Matrix  [1e-02, 5e+00]
  Cost    [2e+01, 8e+03]
  Bound   [0e+00, 0e+00]
  RHS     [2e-02, 1e+02]
Presolving model
236 rows, 1542 cols, 3542 nonzeros 0s
Dependent equations search running on 212 equations with time limit of 1000.00s
Dependent equations search removed 0 rows and 0 nonzeros in 0.00s (limit = 1000.00s)
234 rows, 1526 cols, 3508 nonzeros 0s
Presolve reductions: rows 234(-544); columns 1526(-861); nonzeros 3508(-3606) 
Solving the presolved LP
Using dual simplex solver
  Iteration        Objective     Infeasibilities num(sum)
          0     0.0000000000e+00 Ph1: 0(0) 0.0s
        366     1.9200982105e+06 Pr: 0(0) 0.0s

Performed postsolve
Solving the original LP from the solution after postsolve

Model name          : ship08s
Model status        : Optimal
Simplex   iterations: 366
Objective value     :  1.9200982105e+06
P-D objective error :  4.8503890425e-16
HiGHS run time      :          0.01
Running HiGHS 1.15.1 (git hash: n/a): Copyright (c) 2026 under MIT licence terms
Includes third-party software components, see THIRD_PARTY_NOTICES.md for full details
Command line parsed using CLI11 2.5.0: Copyright (c) 2017-2025 University of Cincinnati
LP ship12l has 1151 rows; 5427 cols; 16170 nonzeros
Coefficient ranges:
  Matrix  [6e-03, 2e+00]
  Cost    [7e+00, 6e+03]
  Bound   [0e+00, 0e+00]
  RHS     [9e-03, 3e+01]
Presolving model
610 rows, 4147 cols, 9230 nonzeros 0s
Dependent equations search running on 586 equations with time limit of 1000.00s
Dependent equations search removed 0 rows and 0 nonzeros in 0.00s (limit = 1000.00s)
609 rows, 4147 cols, 9222 nonzeros 0s
Presolve reductions: rows 609(-542); columns 4147(-1280); nonzeros 9222(-6948) 
Solving the presolved LP
Using dual simplex solver
  Iteration        Objective     Infeasibilities num(sum)
          0     4.6383695467e+03 Pr: 536(342.604) 0.0s
        951     1.4701879193e+06 Pr: 0(0); Du: 0(5.68434e-13) 0.0s

Performed postsolve
Solving the original LP from the solution after postsolve

Model name          : ship12l
Model status        : Optimal
Simplex   iterations: 951
Objective value     :  1.4701879193e+06
P-D objective error :  1.5836789393e-16
HiGHS run time      :          0.02
Running HiGHS 1.15.1 (git hash: n/a): Copyright (c) 2026 under MIT licence terms
Includes third-party software components, see THIRD_PARTY_NOTICES.md for full details
Command line parsed using CLI11 2.5.0: Copyright (c) 2017-2025 University of Cincinnati
LP ship12s has 1151 rows; 2763 cols; 8178 nonzeros
Coefficient ranges:
  Matrix  [6e-03, 2e+00]
  Cost    [7e+00, 6e+03]
  Bound   [0e+00, 0e+00]
  RHS     [9e-03, 3e+01]
Presolving model
268 rows, 1847 cols, 4129 nonzeros 0s
Dependent equations search running on 244 equations with time limit of 1000.00s
Dependent equations search removed 0 rows and 0 nonzeros in 0.00s (limit = 1000.00s)
267 rows, 1847 cols, 4121 nonzeros 0s
Presolve reductions: rows 267(-884); columns 1847(-916); nonzeros 4121(-4057) 
Solving the presolved LP
Using dual simplex solver
  Iteration        Objective     Infeasibilities num(sum)
          0     0.0000000000e+00 Ph1: 0(0) 0.0s
        480     1.4892361344e+06 Pr: 0(0) 0.0s

Performed postsolve
Solving the original LP from the solution after postsolve

Model name          : ship12s
Model status        : Optimal
Simplex   iterations: 480
Objective value     :  1.4892361344e+06
P-D objective error :  1.4070804763e-15
HiGHS run time      :          0.01
Running HiGHS 1.15.1 (git hash: n/a): Copyright (c) 2026 under MIT licence terms
Includes third-party software components, see THIRD_PARTY_NOTICES.md for full details
Command line parsed using CLI11 2.5.0: Copyright (c) 2017-2025 University of Cincinnati
LP sierra has 1227 rows; 2036 cols; 7302 nonzeros
Coefficient ranges:
  Matrix  [1e+00, 1e+05]
  Cost    [6e-02, 6e+04]
  Bound   [1e+00, 1e+05]
  RHS     [1e+00, 1e+04]
Presolving model
1117 rows, 1921 cols, 7032 nonzeros 0s
863 rows, 1719 cols, 6464 nonzeros 0s
Dependent equations search running on 281 equations with time limit of 1000.00s
Dependent equations search removed 10 rows and 112 nonzeros in 0.00s (limit = 1000.00s)
815 rows, 1680 cols, 6229 nonzeros 0s
Presolve reductions: rows 815(-412); columns 1680(-356); nonzeros 6229(-1073) 
Solving the presolved LP
Using dual simplex solver
  Iteration        Objective     Infeasibilities num(sum)
          0     0.0000000000e+00 Ph1: 0(0) 0.0s
        352     1.5394362184e+07 Pr: 0(0); Du: 0(2.66454e-14) 0.0s

Performed postsolve
Solving the original LP from the solution after postsolve

Model name          : sierra
Model status        : Optimal
Simplex   iterations: 352
Objective value     :  1.5394362184e+07
P-D objective error :  5.4447873834e-16
HiGHS run time      :          0.01
Running HiGHS 1.15.1 (git hash: n/a): Copyright (c) 2026 under MIT licence terms
Includes third-party software components, see THIRD_PARTY_NOTICES.md for full details
Command line parsed using CLI11 2.5.0: Copyright (c) 2017-2025 University of Cincinnati
LP stair has 356 rows; 467 cols; 3856 nonzeros
Coefficient ranges:
  Matrix  [1e-05, 1e+01]
  Cost    [1e+00, 1e+00]
  Bound   [1e-01, 3e+02]
  RHS     [3e-02, 9e+01]
Presolving model
325 rows, 354 cols, 3604 nonzeros 0s
249 rows, 278 cols, 3451 nonzeros 0s
Dependent equations search running on 119 equations with time limit of 1000.00s
Dependent equations search removed 0 rows and 0 nonzeros in 0.00s (limit = 1000.00s)
245 rows, 273 cols, 3447 nonzeros 0s
Presolve reductions: rows 245(-111); columns 273(-194); nonzeros 3447(-409) 
Solving the presolved LP
Using dual simplex solver
  Iteration        Objective     Infeasibilities num(sum)
          0    -1.3100663049e+02 Ph1: 119(4182.2); Du: 1(131.007) 0.0s
        291    -2.5126695119e+02 Pr: 0(0) 0.0s

Performed postsolve
Solving the original LP from the solution after postsolve

Model name          : stair
Model status        : Optimal
Simplex   iterations: 291
Objective value     : -2.5126695119e+02
P-D objective error :  5.6444480294e-17
HiGHS run time      :          0.01
Running HiGHS 1.15.1 (git hash: n/a): Copyright (c) 2026 under MIT licence terms
Includes third-party software components, see THIRD_PARTY_NOTICES.md for full details
Command line parsed using CLI11 2.5.0: Copyright (c) 2017-2025 University of Cincinnati
LP standata has 359 rows; 1075 cols; 3031 nonzeros
Coefficient ranges:
  Matrix  [1e+00, 3e+02]
  Cost    [1e+00, 1e+02]
  Bound   [1e+00, 2e+02]
  RHS     [1e+00, 2e+03]
Presolving model
298 rows, 861 cols, 1836 nonzeros 0s
210 rows, 755 cols, 1728 nonzeros 0s
210 rows, 443 cols, 1140 nonzeros 0s
210 rows, 335 cols, 924 nonzeros 0s
Dependent equations search running on 69 equations with time limit of 1000.00s
Dependent equations search removed 0 rows and 0 nonzeros in 0.00s (limit = 1000.00s)
210 rows, 335 cols, 924 nonzeros 0s
Presolve reductions: rows 210(-149); columns 335(-740); nonzeros 924(-2107) 
Solving the presolved LP
Using dual simplex solver
  Iteration        Objective     Infeasibilities num(sum)
          0    -6.6398717250e-01 Ph1: 7(8.0375); Du: 2(0.663987) 0.0s
         34     1.2576995000e+03 Pr: 0(0) 0.0s

Performed postsolve
Solving the original LP from the solution after postsolve

Model name          : standata
Model status        : Optimal
Simplex   iterations: 34
Objective value     :  1.2576995000e+03
P-D objective error :  0.0000000000e+00
HiGHS run time      :          0.00
Running HiGHS 1.15.1 (git hash: n/a): Copyright (c) 2026 under MIT licence terms
Includes third-party software components, see THIRD_PARTY_NOTICES.md for full details
Command line parsed using CLI11 2.5.0: Copyright (c) 2017-2025 University of Cincinnati
LP standmps has 467 rows; 1075 cols; 3679 nonzeros
Coefficient ranges:
  Matrix  [1e+00, 3e+02]
  Cost    [1e+00, 1e+02]
  Bound   [1e+00, 2e+02]
  RHS     [2e-01, 2e+03]
Presolving model
406 rows, 1017 cols, 2640 nonzeros 0s
Dependent equations search running on 177 equations with time limit of 1000.00s
Dependent equations search removed 0 rows and 0 nonzeros in 0.00s (limit = 1000.00s)
312 rows, 935 cols, 2340 nonzeros 0s
Presolve reductions: rows 312(-155); columns 935(-140); nonzeros 2340(-1339) 
Solving the presolved LP
Using dual simplex solver
  Iteration        Objective     Infeasibilities num(sum)
          0    -6.6399155588e-01 Ph1: 7(8.0375); Du: 2(0.663992) 0.0s
        163     1.4060175000e+03 Pr: 0(0) 0.0s

Performed postsolve
Solving the original LP from the solution after postsolve

Model name          : standmps
Model status        : Optimal
Simplex   iterations: 163
Objective value     :  1.4060175000e+03
P-D objective error :  2.4248579429e-16
HiGHS run time      :          0.01
Running HiGHS 1.15.1 (git hash: n/a): Copyright (c) 2026 under MIT licence terms
Includes third-party software components, see THIRD_PARTY_NOTICES.md for full details
Command line parsed using CLI11 2.5.0: Copyright (c) 2017-2025 University of Cincinnati
LP stocfor1 has 117 rows; 111 cols; 447 nonzeros
Coefficient ranges:
  Matrix  [6e-02, 3e+02]
  Cost    [5e-01, 3e+02]
  Bound   [0e+00, 0e+00]
  RHS     [1e-01, 6e+01]
Presolving model
81 rows, 83 cols, 346 nonzeros 0s
49 rows, 56 cols, 321 nonzeros 0s
Dependent equations search running on 8 equations with time limit of 1000.00s
Dependent equations search removed 0 rows and 0 nonzeros in 0.00s (limit = 1000.00s)
48 rows, 56 cols, 319 nonzeros 0s
Presolve reductions: rows 48(-69); columns 56(-55); nonzeros 319(-128) 
Solving the presolved LP
Using dual simplex solver
  Iteration        Objective     Infeasibilities num(sum)
          0    -1.7477856586e+03 Ph1: 43(162.904); Du: 31(1747.79) 0.0s
         53    -4.1131976219e+04 Pr: 0(0) 0.0s

Performed postsolve
Solving the original LP from the solution after postsolve

Model name          : stocfor1
Model status        : Optimal
Simplex   iterations: 53
Objective value     : -4.1131976219e+04
P-D objective error :  8.8445412031e-17
HiGHS run time      :          0.00
Running HiGHS 1.15.1 (git hash: n/a): Copyright (c) 2026 under MIT licence terms
Includes third-party software components, see THIRD_PARTY_NOTICES.md for full details
Command line parsed using CLI11 2.5.0: Copyright (c) 2017-2025 University of Cincinnati
LP stocfor2 has 2157 rows; 2031 cols; 8343 nonzeros
Coefficient ranges:
  Matrix  [2e-01, 3e+02]
  Cost    [5e-04, 3e+01]
  Bound   [0e+00, 0e+00]
  RHS     [1e-01, 6e+01]
Presolving model
1800 rows, 1686 cols, 7016 nonzeros 0s
1196 rows, 1115 cols, 5897 nonzeros 0s
Dependent equations search running on 88 equations with time limit of 1000.00s
Dependent equations search removed 0 rows and 0 nonzeros in 0.00s (limit = 1000.00s)
1052 rows, 976 cols, 6285 nonzeros 0s
Presolve reductions: rows 1052(-1105); columns 976(-1055); nonzeros 6285(-2058) 
Solving the presolved LP
Using dual simplex solver
  Iteration        Objective     Infeasibilities num(sum)
          0    -3.9541086266e+02 Ph1: 724(3684.57); Du: 353(395.411) 0.0s
        820    -3.9024408538e+04 Pr: 0(0) 0.0s

Performed postsolve
Solving the original LP from the solution after postsolve

Model name          : stocfor2
Model status        : Optimal
Simplex   iterations: 820
Objective value     : -3.9024408538e+04
P-D objective error :  1.0254416571e-15
HiGHS run time      :          0.03
Running HiGHS 1.15.1 (git hash: n/a): Copyright (c) 2026 under MIT licence terms
Includes third-party software components, see THIRD_PARTY_NOTICES.md for full details
Command line parsed using CLI11 2.5.0: Copyright (c) 2017-2025 University of Cincinnati
LP tuff has 333 rows; 587 cols; 4520 nonzeros
Coefficient ranges:
  Matrix  [1e-05, 1e+04]
  Cost    [5e-03, 5e-03]
  Bound   [1e+00, 1e+03]
  RHS     [0e+00, 0e+00]
Presolving model
233 rows, 510 cols, 4014 nonzeros 0s
150 rows, 419 cols, 3829 nonzeros 0s
Dependent equations search running on 100 equations with time limit of 1000.00s
Dependent equations search removed 0 rows and 0 nonzeros in 0.00s (limit = 1000.00s)
133 rows, 398 cols, 3856 nonzeros 0s
Presolve reductions: rows 133(-200); columns 398(-189); nonzeros 3856(-664) 
Solving the presolved LP
Using dual simplex solver
  Iteration        Objective     Infeasibilities num(sum)
          0     3.7116098880e-06 Pr: 12(1808.8) 0.0s
        153     2.9214776509e-01 Pr: 0(0) 0.0s

Performed postsolve
Solving the original LP from the solution after postsolve

Model name          : tuff
Model status        : Optimal
Simplex   iterations: 153
Objective value     :  2.9214776509e-01
P-D objective error :  3.5038381523e-17
HiGHS run time      :          0.01
Running HiGHS 1.15.1 (git hash: n/a): Copyright (c) 2026 under MIT licence terms
Includes third-party software components, see THIRD_PARTY_NOTICES.md for full details
Command line parsed using CLI11 2.5.0: Copyright (c) 2017-2025 University of Cincinnati
LP wood1p has 244 rows; 2594 cols; 70215 nonzeros
Coefficient ranges:
  Matrix  [3e-05, 1e+03]
  Cost    [1e+00, 1e+00]
  Bound   [0e+00, 0e+00]
  RHS     [8e-01, 1e+00]
Presolving model
170 rows, 1801 cols, 46829 nonzeros 0s
Dependent equations search running on 170 equations with time limit of 1000.00s
Dependent equations search removed 1 rows and 290 nonzeros in 0.02s (limit = 1000.00s)
169 rows, 1717 cols, 44283 nonzeros 0s
Presolve reductions: rows 169(-75); columns 1717(-877); nonzeros 44283(-25932) 
Solving the presolved LP
Using dual simplex solver
  Iteration        Objective     Infeasibilities num(sum)
          0     2.2341248804e-06 Pr: 2(0.55) 0.1s
        249     1.4429024116e+00 Pr: 0(0); Du: 0(3.2383e-12) 0.1s

Performed postsolve
Solving the original LP from the solution after postsolve

Model name          : wood1p
Model status        : Optimal
Simplex   iterations: 249
Objective value     :  1.4429024116e+00
P-D objective error :  2.8571250363e-16
HiGHS run time      :          0.10
Running HiGHS 1.15.1 (git hash: n/a): Copyright (c) 2026 under MIT licence terms
Includes third-party software components, see THIRD_PARTY_NOTICES.md for full details
Command line parsed using CLI11 2.5.0: Copyright (c) 2017-2025 University of Cincinnati
LP woodw has 1098 rows; 8405 cols; 37474 nonzeros
Coefficient ranges:
  Matrix  [1e-02, 1e+03]
  Cost    [1e+00, 1e+00]
  Bound   [0e+00, 0e+00]
  RHS     [1e-02, 8e-01]
Presolving model
703 rows, 5347 cols, 19727 nonzeros 0s
557 rows, 4137 cols, 15865 nonzeros 0s
Dependent equations search running on 545 equations with time limit of 1000.00s
Dependent equations search removed 0 rows and 0 nonzeros in 0.00s (limit = 1000.00s)
557 rows, 4083 cols, 15811 nonzeros 0s
Presolve reductions: rows 557(-541); columns 4083(-4322); nonzeros 15811(-21663) 
Solving the presolved LP
Using dual simplex solver
  Iteration        Objective     Infeasibilities num(sum)
          0     0.0000000000e+00 Pr: 81(3.02105) 0.0s
        793     1.3044763331e+00 Pr: 0(0) 0.1s

Performed postsolve
Solving the original LP from the solution after postsolve

Model name          : woodw
Model status        : Optimal
Simplex   iterations: 793
Objective value     :  1.3044763331e+00
P-D objective error :  0.0000000000e+00
HiGHS run time      :          0.07
